order_id,customer_id,order_date,product_category,order_value,discount,shipping_days,payment_method,returned
O00001,C0001,2025-04-15,Beauty,3735.06,15,2,UPI,Yes
O00002,C0001,2025-02-27,Beauty,1249.46,5,1,Wallet,Yes
O00003,C0001,2026-02-26,Fashion,3028.48,15,1,COD,No
O00004,C0001,2025-05-02,Electronics,1233.51,0,6,Wallet,Yes
O00005,C0002,2026-01-03,Electronics,799.17,20,7,COD,No
O00006,C0002,2025-01-15,Fashion,3581.94,10,1,UPI,Yes
O00007,C0002,2024-10-14,Home,2024.61,5,8,COD,No
O00008,C0002,2025-02-02,Beauty,3416.84,5,2,Card,Yes
O00009,C0002,2025-10-19,Home,2021.39,0,4,Card,Yes
O00010,C0002,2025-05-22,Fashion,2125.59,20,2,COD,Yes
O00011,C0002,2025-11-26,Fashion,2099.03,10,8,Card,Yes
O00012,C0002,2025-03-29,Beauty,3785.67,15,7,COD,Yes
O00013,C0003,2024-08-22,Beauty,4001.98,0,7,Wallet,No
O00014,C0003,2025-07-04,Electronics,2739.75,20,1,COD,No
O00015,C0003,2024-07-04,Books,1608.8,0,3,COD,Yes
O00016,C0004,2025-02-20,Beauty,1994.79,20,3,UPI,No
O00017,C0004,2026-01-30,Home,293.49,5,6,UPI,Yes
O00018,C0004,2024-12-06,Electronics,611.14,20,8,Card,Yes
O00019,C0004,2026-01-16,Home,4744.87,20,3,Wallet,Yes
O00020,C0005,2026-06-03,Books,4976.72,20,6,Wallet,Yes
O00021,C0005,2025-12-30,Electronics,1278.55,20,6,Card,Yes
O00022,C0005,2025-04-28,Fashion,540.77,0,1,UPI,No
O00023,C0005,2025-07-02,Books,2667.95,5,5,Card,No
O00024,C0005,2025-12-25,Fashion,3966.17,0,7,UPI,No
O00025,C0006,2024-09-01,Electronics,2132.58,5,6,Card,Yes
O00026,C0006,2026-01-01,Fashion,2353.35,10,7,Wallet,Yes
O00027,C0007,2025-06-27,Fashion,4646.56,15,4,Wallet,No
O00028,C0008,2025-05-24,Home,1472.97,15,8,Wallet,Yes
O00029,C0009,2025-02-23,Beauty,474.39,20,8,Card,Yes
O00030,C0010,2026-01-02,Beauty,2138.12,20,4,UPI,Yes
O00031,C0010,2026-07-10,Home,3355.39,5,6,COD,Yes
O00032,C0011,2024-07-29,Electronics,244.71,20,2,Card,No
O00033,C0011,2024-09-28,Fashion,4679.65,10,2,COD,Yes
O00034,C0011,2025-08-07,Beauty,4201.98,20,5,UPI,No
O00035,C0011,2024-08-30,Home,4706.86,0,3,UPI,Yes
O00036,C0011,2025-02-18,Home,1552.43,5,4,COD,No
O00037,C0011,2025-01-28,Electronics,4545.62,15,1,COD,Yes
O00038,C0012,2025-03-15,Electronics,2892.35,5,2,UPI,No
O00039,C0012,2024-06-02,Home,2262.98,10,1,UPI,No
O00040,C0012,2024-08-05,Home,3473.92,20,2,Wallet,Yes
O00041,C0012,2024-09-01,Books,4350.11,0,3,Card,No
O00042,C0012,2025-02-27,Home,4050.73,5,4,UPI,No
O00043,C0012,2024-02-11,Fashion,4321.25,15,4,COD,No
O00044,C0012,2024-08-23,Books,1270.03,10,4,COD,Yes
O00045,C0012,2024-10-14,Beauty,1885.5,10,7,UPI,Yes
O00046,C0013,2026-06-13,Books,1859.3,20,6,UPI,No
O00047,C0013,2025-10-06,Electronics,1422.67,20,7,Card,No
O00048,C0014,2024-12-14,Beauty,3654.82,10,5,Wallet,No
O00049,C0014,2025-09-25,Fashion,3546.6,15,3,Wallet,Yes
O00050,C0014,2025-06-13,Home,2149.16,10,1,Card,No
O00051,C0014,2025-07-04,Fashion,2431.94,20,8,Wallet,Yes
O00052,C0014,2024-11-03,Electronics,1562.17,5,6,COD,Yes
O00053,C0014,2025-02-28,Fashion,907.3,15,1,UPI,No
O00054,C0015,2025-04-07,Electronics,908.34,15,1,Card,Yes
O00055,C0015,2026-01-13,Electronics,2429.84,15,4,Card,No
O00056,C0015,2026-01-26,Books,4941.88,20,6,Wallet,No
O00057,C0015,2025-01-10,Books,3769.55,10,8,Card,No
O00058,C0015,2026-01-16,Home,2526.07,15,4,UPI,No
O00059,C0015,2025-03-29,Beauty,1504.23,0,6,Card,Yes
O00060,C0015,2025-03-25,Fashion,2038.57,0,3,Wallet,No
O00061,C0016,2025-07-22,Beauty,4543.22,15,1,Wallet,Yes
O00062,C0016,2025-06-14,Books,1633.34,20,7,Card,No
O00063,C0016,2025-01-29,Electronics,1510.09,15,8,COD,No
O00064,C0016,2024-12-05,Beauty,4234.43,20,3,UPI,No
O00065,C0016,2024-07-16,Fashion,602.95,15,7,Card,Yes
O00066,C0016,2025-03-12,Books,2019.7,10,4,COD,No
O00067,C0016,2025-03-30,Home,3809.65,0,7,Wallet,Yes
O00068,C0017,2025-03-01,Fashion,3820.32,0,4,Card,Yes
O00069,C0017,2025-05-28,Beauty,2473.09,5,2,Wallet,No
O00070,C0018,2025-05-18,Beauty,2977.69,15,5,Wallet,Yes
O00071,C0018,2025-04-15,Electronics,3042.07,10,4,UPI,Yes
O00072,C0018,2026-01-18,Electronics,2757.18,20,6,COD,Yes
O00073,C0018,2026-04-03,Books,4147.19,10,2,Wallet,Yes
O00074,C0018,2026-04-18,Beauty,1045.46,20,5,Wallet,No
O00075,C0019,2025-11-16,Beauty,1370.54,20,8,Wallet,No
O00076,C0019,2024-09-10,Fashion,2572.67,15,6,Card,No
O00077,C0019,2025-05-03,Beauty,1833.63,0,5,Card,Yes
O00078,C0019,2025-04-16,Beauty,3656.36,5,8,Wallet,No
O00079,C0019,2025-11-13,Home,4006.08,5,2,Wallet,Yes
O00080,C0020,2025-08-15,Home,4983.83,15,6,COD,No
O00081,C0020,2025-02-18,Home,1306.58,0,4,Card,Yes
O00082,C0020,2025-01-13,Beauty,3745.3,20,5,COD,Yes
O00083,C0020,2024-12-21,Fashion,1621.98,10,6,UPI,Yes
O00084,C0020,2025-03-13,Beauty,418.48,10,1,Card,No
O00085,C0020,2024-09-19,Books,4389.05,15,5,Wallet,No
O00086,C0021,2025-05-20,Fashion,2560.38,5,1,COD,Yes
O00087,C0021,2024-12-15,Beauty,768.57,20,7,Card,No
O00088,C0022,2024-11-28,Fashion,4748.43,10,4,UPI,Yes
O00089,C0023,2025-08-07,Home,3508.98,0,8,Card,No
O00090,C0023,2025-02-16,Electronics,3574.34,5,8,COD,Yes
O00091,C0023,2025-07-12,Fashion,750.93,10,4,Card,Yes
O00092,C0023,2024-07-03,Beauty,996.43,20,5,COD,No
O00093,C0023,2024-09-07,Books,2449.75,10,5,Wallet,No
O00094,C0023,2024-07-24,Home,3070.58,20,7,COD,Yes
O00095,C0023,2024-08-04,Home,1298.84,20,1,UPI,Yes
O00096,C0024,2026-01-14,Home,4851.47,15,8,COD,No
O00097,C0024,2024-12-14,Books,4317.12,15,6,COD,No
O00098,C0024,2024-10-05,Home,2383.16,10,6,UPI,No
O00099,C0024,2026-02-06,Beauty,4159.65,15,1,Wallet,Yes
O00100,C0024,2025-03-09,Books,2688.51,0,8,Card,No
O00101,C0024,2025-01-10,Books,4652.83,0,8,UPI,Yes
O00102,C0024,2025-02-07,Beauty,1691.6,15,1,UPI,Yes
O00103,C0025,2026-07-30,Beauty,4676.73,10,5,Wallet,No
O00104,C0025,2026-07-03,Books,1369.91,5,3,Card,Yes
O00105,C0025,2025-12-14,Home,3908.84,20,7,COD,Yes
O00106,C0026,2025-10-02,Books,1856.59,10,7,Card,Yes
O00107,C0026,2025-06-21,Electronics,1321.1,10,7,Wallet,No
O00108,C0026,2025-06-24,Books,4944.39,0,3,Card,No
O00109,C0026,2024-09-04,Electronics,4396.11,20,8,Wallet,Yes
O00110,C0026,2024-10-19,Electronics,2167.9,15,3,COD,No
O00111,C0026,2025-07-06,Beauty,3319.22,15,6,COD,No
O00112,C0026,2024-06-30,Home,3163.81,5,4,UPI,No
O00113,C0026,2024-09-02,Books,3849.77,5,2,COD,Yes
O00114,C0027,2025-04-10,Beauty,898.74,5,7,Card,Yes
O00115,C0027,2024-04-14,Beauty,3125.56,5,7,Wallet,Yes
O00116,C0027,2024-09-18,Books,2413.52,10,5,UPI,No
O00117,C0027,2024-11-14,Electronics,3452.53,15,3,COD,No
O00118,C0027,2025-04-03,Home,3513.5,5,8,Wallet,No
O00119,C0027,2024-05-13,Beauty,1338.59,10,6,COD,Yes
O00120,C0028,2026-10-06,Fashion,4197.63,20,5,COD,Yes
O00121,C0029,2025-01-01,Electronics,1682.88,20,8,COD,Yes
O00122,C0029,2025-02-22,Books,4566.21,5,6,Card,Yes
O00123,C0030,2025-07-25,Home,1433.46,10,8,UPI,No
O00124,C0030,2025-04-25,Books,875.63,20,4,COD,Yes
O00125,C0030,2026-03-18,Books,266.81,10,2,COD,No
O00126,C0030,2026-02-22,Books,720.06,0,4,COD,Yes
O00127,C0030,2025-04-12,Home,3249.94,15,8,UPI,Yes
O00128,C0031,2024-09-21,Books,4458.84,15,3,COD,No
O00129,C0031,2024-07-01,Books,4449.99,20,2,Wallet,No
O00130,C0032,2024-04-28,Beauty,4908.45,10,6,UPI,No
O00131,C0032,2024-10-26,Books,1111.08,0,2,Card,Yes
O00132,C0032,2024-03-09,Fashion,3976.61,20,4,Card,Yes
O00133,C0032,2024-08-17,Home,3014.64,5,4,UPI,No
O00134,C0032,2024-06-14,Fashion,4940.13,0,5,UPI,Yes
O00135,C0032,2024-02-02,Beauty,1919.56,10,4,UPI,Yes
O00136,C0033,2024-07-20,Beauty,2485.98,20,6,UPI,No
O00137,C0033,2025-10-13,Beauty,1263.44,10,1,Wallet,Yes
O00138,C0034,2025-06-18,Electronics,3619.53,0,8,COD,Yes
O00139,C0034,2024-04-09,Books,805.72,20,6,COD,No
O00140,C0035,2025-11-30,Books,2367.46,10,4,Wallet,No
O00141,C0035,2025-11-15,Books,3702.14,10,6,COD,No
O00142,C0035,2025-02-19,Electronics,3496.74,0,8,UPI,Yes
O00143,C0035,2025-12-02,Fashion,663.51,20,6,UPI,No
O00144,C0036,2025-09-30,Electronics,3081.97,20,6,Card,Yes
O00145,C0037,2025-03-30,Books,3860.51,20,4,UPI,No
O00146,C0037,2025-01-01,Home,1066.0,10,5,UPI,Yes
O00147,C0037,2025-04-28,Electronics,2918.34,5,7,UPI,Yes
O00148,C0037,2026-05-30,Books,1232.64,10,7,Card,No
O00149,C0037,2025-10-18,Electronics,3663.66,5,2,Card,Yes
O00150,C0037,2025-02-24,Books,1506.09,20,7,Wallet,No
O00151,C0038,2024-09-10,Beauty,1559.58,10,8,UPI,Yes
O00152,C0038,2025-06-28,Electronics,4925.34,5,1,COD,Yes
O00153,C0038,2024-10-07,Home,3867.97,0,5,UPI,No
O00154,C0038,2025-08-03,Beauty,1043.34,5,7,COD,Yes
O00155,C0038,2025-06-30,Books,4336.47,0,1,Wallet,Yes
O00156,C0038,2025-04-05,Books,2963.64,10,7,UPI,No
O00157,C0038,2024-06-10,Beauty,4837.76,15,3,COD,Yes
O00158,C0039,2025-09-21,Fashion,4378.52,10,6,Card,Yes
O00159,C0039,2026-01-16,Home,3239.48,10,4,Card,Yes
O00160,C0040,2024-05-10,Books,1050.3,20,8,Wallet,No
O00161,C0040,2025-01-11,Books,924.6,15,2,COD,No
O00162,C0040,2024-04-20,Home,1889.32,15,2,Wallet,Yes
O00163,C0041,2025-07-03,Books,2045.52,20,1,Card,No
O00164,C0041,2025-06-01,Books,2606.56,0,1,COD,Yes
O00165,C0042,2025-12-09,Home,2715.53,10,3,COD,No
O00166,C0042,2025-11-08,Home,3917.43,0,1,COD,Yes
O00167,C0042,2025-10-16,Home,1563.91,0,3,Card,No
O00168,C0042,2025-07-30,Fashion,4844.94,20,7,UPI,No
O00169,C0042,2025-10-06,Fashion,3288.77,20,6,UPI,No
O00170,C0042,2026-02-18,Home,1936.77,5,6,Card,No
O00171,C0042,2026-01-26,Fashion,1121.63,0,3,COD,Yes
O00172,C0042,2026-02-17,Home,3900.2,20,1,Card,No
O00173,C0043,2024-05-03,Books,2172.12,20,4,COD,No
O00174,C0043,2024-11-14,Books,2763.25,5,5,COD,No
O00175,C0043,2025-07-05,Beauty,3893.31,20,7,Wallet,Yes
O00176,C0043,2024-10-10,Home,4046.04,0,3,Wallet,No
O00177,C0043,2024-07-03,Home,3614.72,0,2,Card,No
O00178,C0043,2025-06-23,Books,4545.47,0,3,Card,No
O00179,C0043,2025-03-12,Electronics,4666.27,15,7,COD,Yes
O00180,C0043,2025-04-19,Fashion,4973.72,0,6,COD,Yes
O00181,C0044,2025-12-24,Fashion,4603.5,15,8,Wallet,Yes
O00182,C0045,2025-07-31,Home,3925.63,0,4,UPI,Yes
O00183,C0045,2026-06-12,Electronics,3266.97,0,8,Wallet,Yes
O00184,C0045,2026-09-18,Home,2960.23,15,3,UPI,No
O00185,C0045,2025-12-11,Electronics,2939.19,20,3,COD,Yes
O00186,C0045,2026-09-29,Books,2811.59,15,1,UPI,No
O00187,C0045,2026-04-26,Home,1417.52,0,1,COD,Yes
O00188,C0045,2025-07-24,Fashion,3903.21,0,6,COD,No
O00189,C0046,2025-08-26,Books,4095.19,0,2,COD,Yes
O00190,C0046,2025-04-06,Home,3997.32,10,1,Wallet,No
O00191,C0046,2025-11-07,Home,375.78,10,4,UPI,No
O00192,C0046,2025-11-27,Books,797.48,15,6,Wallet,No
O00193,C0046,2026-02-03,Books,4873.87,10,8,COD,Yes
O00194,C0046,2026-05-01,Beauty,578.85,10,3,COD,Yes
O00195,C0046,2025-05-13,Home,1774.02,15,5,Wallet,Yes
O00196,C0046,2026-05-21,Home,1887.43,20,1,Wallet,No
O00197,C0047,2024-12-25,Electronics,885.34,5,8,UPI,Yes
O00198,C0047,2025-12-04,Beauty,1938.32,5,1,Wallet,No
O00199,C0047,2025-12-09,Beauty,2330.91,5,2,COD,No
O00200,C0048,2025-11-03,Home,2685.18,10,2,Wallet,Yes
O00201,C0048,2025-03-29,Fashion,3531.11,0,8,Card,Yes
O00202,C0048,2025-09-15,Electronics,1028.75,10,8,COD,Yes
O00203,C0049,2025-10-14,Fashion,2642.03,5,2,Card,No
O00204,C0049,2024-11-04,Books,1932.3,20,6,Card,Yes
O00205,C0049,2024-12-15,Beauty,1684.6,15,8,Wallet,Yes
O00206,C0050,2024-07-15,Fashion,4414.21,15,3,UPI,Yes
O00207,C0050,2025-08-18,Fashion,934.47,10,3,Card,No
O00208,C0050,2025-08-19,Home,4495.64,5,2,COD,Yes
O00209,C0050,2025-01-10,Beauty,3149.26,5,2,Card,Yes
O00210,C0050,2025-02-14,Electronics,4244.14,0,1,UPI,No
O00211,C0050,2024-10-07,Beauty,3881.4,0,7,Wallet,No
O00212,C0051,2025-02-07,Books,3505.35,15,3,Wallet,No
O00213,C0051,2025-06-21,Home,1832.92,10,3,COD,No
O00214,C0051,2025-04-07,Home,3851.19,5,2,Wallet,Yes
O00215,C0051,2025-08-25,Electronics,2358.06,0,3,COD,No
O00216,C0051,2026-01-27,Home,1391.7,20,3,COD,Yes
O00217,C0051,2025-05-07,Books,2591.67,10,8,Wallet,Yes
O00218,C0051,2025-02-25,Fashion,4737.12,5,8,COD,Yes
O00219,C0051,2025-01-15,Home,1550.51,20,8,UPI,Yes
O00220,C0052,2024-09-24,Home,2122.79,20,4,COD,Yes
O00221,C0052,2025-09-08,Beauty,2620.43,20,5,UPI,Yes
O00222,C0052,2024-11-16,Beauty,2090.74,10,6,Card,Yes
O00223,C0052,2026-01-12,Electronics,2126.66,0,1,Card,No
O00224,C0052,2025-12-07,Beauty,2692.8,20,3,Card,No
O00225,C0052,2025-07-01,Beauty,980.01,10,5,Wallet,No
O00226,C0053,2024-09-28,Beauty,3065.17,20,5,Card,Yes
O00227,C0053,2026-01-05,Fashion,1018.46,5,7,UPI,Yes
O00228,C0053,2025-03-15,Books,290.9,5,6,Wallet,Yes
O00229,C0053,2025-10-26,Electronics,2608.73,5,8,Card,No
O00230,C0053,2026-01-03,Fashion,2722.29,15,6,COD,No
O00231,C0054,2025-06-27,Beauty,4795.22,10,5,Card,No
O00232,C0054,2025-10-04,Home,3583.52,15,8,COD,No
O00233,C0054,2025-10-03,Books,785.0,10,7,Card,No
O00234,C0054,2025-01-25,Home,1580.63,15,2,COD,No
O00235,C0054,2025-07-20,Beauty,1169.93,10,5,Card,Yes
O00236,C0054,2025-08-15,Fashion,1363.8,0,4,UPI,No
O00237,C0054,2025-11-16,Fashion,3643.32,0,2,Card,No
O00238,C0054,2026-04-14,Home,2491.75,10,4,COD,Yes
O00239,C0055,2025-10-06,Electronics,2205.85,15,3,Wallet,Yes
O00240,C0056,2026-04-03,Fashion,1565.9,20,8,Wallet,No
O00241,C0056,2025-11-08,Fashion,4082.31,15,6,COD,Yes
O00242,C0057,2025-03-21,Books,2673.35,0,2,Card,Yes
O00243,C0057,2025-05-11,Electronics,1753.29,10,4,Wallet,Yes
O00244,C0057,2025-04-10,Home,3818.03,20,6,UPI,No
O00245,C0057,2025-01-11,Electronics,3525.29,15,1,COD,Yes
O00246,C0057,2025-02-27,Electronics,3493.15,10,5,COD,Yes
O00247,C0057,2024-08-20,Fashion,4795.33,15,8,COD,No
O00248,C0057,2025-05-05,Fashion,3835.28,20,4,UPI,No
O00249,C0058,2026-03-31,Beauty,919.29,15,6,UPI,Yes
O00250,C0058,2026-02-10,Electronics,636.52,15,8,Card,No
O00251,C0058,2026-01-08,Home,2906.77,0,8,Wallet,No
O00252,C0058,2024-10-01,Electronics,3779.86,15,2,COD,Yes
O00253,C0059,2025-07-25,Books,2162.56,10,3,Wallet,No
O00254,C0060,2025-07-21,Beauty,1056.67,5,7,Card,Yes
O00255,C0060,2025-04-14,Beauty,4896.76,15,8,Wallet,Yes
O00256,C0060,2025-11-30,Home,2411.0,5,3,UPI,Yes
O00257,C0060,2026-05-25,Fashion,3151.63,5,1,UPI,Yes
O00258,C0060,2025-04-25,Fashion,2342.92,0,1,Wallet,No
O00259,C0060,2025-11-16,Fashion,2790.85,20,1,COD,Yes
O00260,C0061,2025-07-18,Books,4931.34,10,4,COD,Yes
O00261,C0061,2025-08-20,Beauty,3204.77,15,7,UPI,No
O00262,C0061,2026-03-19,Books,3971.86,15,6,Card,No
O00263,C0061,2026-03-14,Fashion,1082.62,5,8,COD,Yes
O00264,C0061,2026-06-11,Books,4590.76,20,7,Card,No
O00265,C0062,2024-08-07,Electronics,2771.05,10,4,Wallet,Yes
O00266,C0062,2024-07-18,Books,1103.18,5,4,COD,No
O00267,C0062,2024-05-20,Electronics,1216.68,15,4,Card,Yes
O00268,C0062,2025-06-15,Home,4592.61,15,6,Wallet,No
O00269,C0062,2025-03-16,Books,1455.5,0,8,Wallet,No
O00270,C0062,2024-11-29,Electronics,1979.38,20,7,Card,Yes
O00271,C0063,2024-07-28,Beauty,1783.35,5,7,Wallet,No
O00272,C0063,2024-09-29,Books,3864.13,15,8,Card,No
O00273,C0063,2024-07-01,Fashion,871.8,20,8,UPI,Yes
O00274,C0064,2025-07-24,Electronics,4244.21,5,4,UPI,Yes
O00275,C0064,2026-08-05,Beauty,2388.85,20,1,Wallet,No
O00276,C0064,2025-03-22,Electronics,231.74,0,7,COD,No
O00277,C0064,2025-03-23,Fashion,2610.64,0,7,UPI,Yes
O00278,C0064,2025-11-07,Home,1121.27,10,5,Wallet,Yes
O00279,C0064,2026-03-23,Beauty,4804.63,5,8,Card,No
O00280,C0064,2025-05-27,Electronics,3337.93,15,1,Wallet,No
O00281,C0065,2025-01-02,Home,2599.32,20,7,UPI,Yes
O00282,C0065,2025-06-02,Home,1214.8,0,8,UPI,No
O00283,C0065,2024-11-12,Electronics,1060.9,5,6,Card,No
O00284,C0066,2026-03-26,Electronics,2042.46,20,3,COD,Yes
O00285,C0066,2025-07-30,Home,2298.02,20,2,Wallet,No
O00286,C0066,2025-05-21,Books,3243.79,5,8,COD,No
O00287,C0066,2026-07-07,Electronics,1091.54,20,7,COD,Yes
O00288,C0066,2025-07-05,Books,593.78,5,3,Wallet,No
O00289,C0066,2026-04-25,Home,711.44,15,1,COD,No
O00290,C0066,2025-08-03,Books,836.03,15,3,Wallet,Yes
O00291,C0067,2025-02-12,Books,259.23,0,7,Card,Yes
O00292,C0067,2025-02-07,Home,1013.61,10,5,Wallet,Yes
O00293,C0067,2024-03-19,Books,1002.6,10,5,Wallet,Yes
O00294,C0067,2025-01-18,Books,1408.16,20,4,Card,No
O00295,C0067,2024-05-03,Books,850.35,10,1,Wallet,No
O00296,C0067,2025-04-09,Home,1806.73,10,3,Card,No
O00297,C0068,2025-02-13,Books,1764.25,10,5,UPI,Yes
O00298,C0068,2024-12-11,Books,3472.22,5,1,Wallet,No
O00299,C0068,2024-08-19,Books,4131.03,5,7,COD,Yes
O00300,C0068,2025-02-23,Books,3361.58,0,7,Wallet,No
O00301,C0068,2025-07-25,Beauty,2764.96,0,7,COD,Yes
O00302,C0068,2024-09-29,Fashion,3890.98,20,6,UPI,No
O00303,C0068,2025-05-15,Electronics,4835.44,0,7,UPI,No
O00304,C0068,2025-01-23,Books,2651.25,10,4,Wallet,No
O00305,C0069,2026-06-09,Electronics,701.84,0,7,Card,No
O00306,C0070,2025-05-31,Books,2485.58,10,8,UPI,No
O00307,C0070,2024-07-24,Electronics,4088.89,10,2,UPI,Yes
O00308,C0070,2025-02-13,Home,2676.77,20,3,Wallet,No
O00309,C0070,2025-02-01,Fashion,4029.23,15,3,Wallet,Yes
O00310,C0070,2024-12-28,Books,2357.96,0,7,Card,Yes
O00311,C0070,2025-03-21,Beauty,3811.16,0,2,Card,No
O00312,C0070,2025-05-08,Home,1145.96,15,2,COD,No
O00313,C0070,2025-07-15,Home,3017.62,15,6,Card,No
O00314,C0071,2025-12-16,Home,1665.82,5,3,Wallet,No
O00315,C0071,2025-09-04,Fashion,2959.07,15,7,Card,Yes
O00316,C0072,2025-09-10,Fashion,4768.84,5,8,Wallet,No
O00317,C0073,2024-10-21,Home,2913.91,0,4,COD,Yes
O00318,C0073,2025-05-20,Beauty,1007.4,15,8,UPI,Yes
O00319,C0073,2025-04-29,Beauty,3920.54,0,6,Wallet,Yes
O00320,C0074,2025-11-09,Books,1461.51,0,2,Card,Yes
O00321,C0075,2025-09-19,Beauty,4104.94,10,1,COD,Yes
O00322,C0075,2026-01-17,Home,4899.2,20,5,COD,Yes
O00323,C0075,2025-07-08,Electronics,4821.31,10,7,Card,Yes
O00324,C0076,2025-09-21,Books,882.42,15,5,Wallet,Yes
O00325,C0076,2024-08-11,Home,2133.68,15,5,Wallet,No
O00326,C0076,2024-05-10,Books,4370.76,10,2,UPI,No
O00327,C0076,2024-12-17,Books,4847.02,10,4,COD,No
O00328,C0076,2025-04-18,Beauty,2827.09,15,3,COD,Yes
O00329,C0076,2024-06-24,Electronics,677.96,0,8,Card,No
O00330,C0076,2025-08-18,Fashion,203.24,5,7,COD,Yes
O00331,C0077,2026-04-08,Electronics,3389.64,15,3,COD,Yes
O00332,C0077,2026-06-06,Electronics,3346.33,5,2,Wallet,Yes
O00333,C0078,2025-02-23,Fashion,4122.12,15,7,UPI,Yes
O00334,C0079,2025-07-27,Books,4428.75,5,3,Card,Yes
O00335,C0079,2026-01-10,Books,2903.8,10,3,Card,Yes
O00336,C0079,2025-09-10,Fashion,3157.16,0,8,UPI,Yes
O00337,C0079,2024-11-19,Home,3029.95,15,7,COD,Yes
O00338,C0079,2025-03-26,Fashion,1529.44,20,2,COD,Yes
O00339,C0079,2025-05-20,Books,1186.14,10,4,UPI,Yes
O00340,C0080,2026-03-05,Home,4465.88,10,1,Card,No
O00341,C0080,2025-11-15,Books,1953.98,0,3,UPI,Yes
O00342,C0081,2025-06-05,Books,3882.13,0,7,Card,No
O00343,C0081,2024-04-03,Fashion,1687.55,20,4,COD,No
O00344,C0081,2024-03-16,Fashion,1688.81,0,7,Card,Yes
O00345,C0081,2025-03-28,Home,756.74,5,1,UPI,Yes
O00346,C0081,2024-05-28,Books,3567.2,10,3,COD,Yes
O00347,C0082,2024-08-09,Home,1808.05,20,7,UPI,No
O00348,C0082,2024-09-26,Electronics,2581.51,15,6,Card,No
O00349,C0083,2024-05-06,Fashion,4321.71,0,1,Wallet,No
O00350,C0084,2025-03-02,Home,1744.65,10,7,UPI,No
O00351,C0084,2024-11-15,Fashion,2609.8,5,1,UPI,No
O00352,C0084,2024-09-24,Home,4409.56,10,5,UPI,No
O00353,C0084,2024-07-24,Beauty,1970.81,10,5,Card,No
O00354,C0084,2025-07-28,Fashion,3040.12,20,8,Card,Yes
O00355,C0084,2024-07-22,Fashion,4675.51,20,1,COD,Yes
O00356,C0084,2025-06-24,Home,207.02,0,7,Card,Yes
O00357,C0085,2024-11-06,Beauty,410.72,15,4,COD,No
O00358,C0085,2024-10-28,Books,2987.7,0,3,UPI,No
O00359,C0085,2024-12-14,Home,1336.5,15,5,COD,No
O00360,C0085,2025-11-09,Fashion,1505.39,5,2,UPI,Yes
O00361,C0085,2024-11-19,Home,989.0,15,8,UPI,No
O00362,C0086,2025-08-09,Beauty,956.55,0,5,Card,No
O00363,C0086,2025-10-07,Home,637.82,15,4,UPI,No
O00364,C0087,2024-08-18,Electronics,2417.81,0,3,UPI,Yes
O00365,C0087,2024-09-24,Home,1151.04,0,7,COD,Yes
O00366,C0087,2024-06-05,Books,4986.37,5,4,UPI,No
O00367,C0087,2024-09-16,Electronics,404.94,5,8,Wallet,No
O00368,C0088,2025-04-19,Home,4559.86,15,5,Card,Yes
O00369,C0088,2025-05-21,Books,3306.94,20,8,Wallet,Yes
O00370,C0088,2024-12-10,Books,1542.92,5,3,Card,Yes
O00371,C0088,2025-10-08,Books,3953.2,20,6,Wallet,No
O00372,C0088,2026-02-08,Fashion,1743.7,0,5,COD,Yes
O00373,C0088,2024-10-12,Electronics,4499.67,15,5,COD,Yes
O00374,C0089,2025-12-24,Home,2963.32,5,7,Card,Yes
O00375,C0090,2025-10-26,Beauty,4748.28,5,3,Wallet,No
O00376,C0091,2024-04-20,Home,2726.95,20,1,Card,Yes
O00377,C0091,2025-03-14,Electronics,3641.3,0,6,Card,Yes
O00378,C0091,2024-07-22,Electronics,4263.11,10,6,Wallet,Yes
O00379,C0091,2025-03-10,Fashion,1648.47,15,3,Wallet,No
O00380,C0092,2025-04-22,Fashion,1672.75,5,5,UPI,No
O00381,C0092,2024-05-03,Beauty,1073.99,5,6,UPI,No
O00382,C0092,2024-08-22,Fashion,1789.61,10,2,COD,Yes
O00383,C0093,2025-08-20,Home,1206.48,10,2,UPI,Yes
O00384,C0094,2025-06-13,Beauty,4432.5,15,6,UPI,No
O00385,C0094,2024-09-12,Electronics,980.75,10,2,UPI,No
O00386,C0094,2024-10-19,Home,4767.98,5,2,Wallet,Yes
O00387,C0094,2024-04-11,Home,2825.82,20,2,Wallet,Yes
O00388,C0094,2025-04-11,Beauty,4723.72,15,3,Card,Yes
O00389,C0094,2024-05-08,Books,1789.25,20,4,COD,No
O00390,C0094,2024-11-25,Books,1340.23,20,1,Wallet,Yes
O00391,C0095,2024-08-20,Fashion,665.54,10,4,UPI,No
O00392,C0095,2024-05-26,Books,1680.1,15,7,COD,Yes
O00393,C0095,2025-02-28,Home,1087.43,5,7,Wallet,Yes
O00394,C0095,2024-10-24,Fashion,2310.75,10,5,UPI,Yes
O00395,C0095,2024-05-07,Beauty,611.4,15,6,Card,Yes
O00396,C0095,2025-02-28,Beauty,4128.35,15,7,Card,No
O00397,C0095,2024-11-30,Beauty,578.98,20,1,Card,Yes
O00398,C0095,2025-05-02,Fashion,1029.82,5,3,Card,Yes
O00399,C0096,2025-04-26,Electronics,1734.8,15,2,Wallet,No
O00400,C0096,2025-05-14,Beauty,2694.5,20,1,Wallet,Yes
O00401,C0096,2025-10-03,Electronics,918.28,20,2,UPI,No
O00402,C0097,2026-07-31,Electronics,2945.71,5,8,COD,No
O00403,C0097,2025-08-15,Electronics,3167.57,15,7,COD,Yes
O00404,C0097,2025-05-10,Home,3779.6,0,5,COD,No
O00405,C0097,2026-02-02,Electronics,1545.66,5,8,Card,No
O00406,C0097,2026-06-17,Home,3915.35,15,6,UPI,Yes
O00407,C0097,2026-06-16,Books,1214.67,20,7,COD,Yes
O00408,C0097,2026-08-30,Home,3999.15,20,2,Wallet,Yes
O00409,C0098,2025-08-28,Electronics,4217.49,15,4,UPI,No
O00410,C0098,2025-08-26,Beauty,1515.09,15,8,UPI,Yes
O00411,C0098,2025-10-09,Fashion,1987.84,15,8,COD,No
O00412,C0098,2025-07-21,Electronics,4220.74,10,5,UPI,No
O00413,C0099,2024-08-25,Beauty,1491.6,0,7,UPI,No
O00414,C0099,2024-06-10,Fashion,3307.38,10,1,COD,No
O00415,C0099,2025-04-04,Books,4498.32,10,6,Card,No
O00416,C0099,2024-12-01,Beauty,3450.54,0,7,UPI,No
O00417,C0100,2026-02-20,Home,506.42,10,5,COD,No
O00418,C0100,2025-04-25,Electronics,919.66,20,4,Wallet,No
O00419,C0101,2026-02-16,Beauty,2142.07,20,1,Card,No
O00420,C0101,2025-07-30,Home,3494.33,20,8,COD,Yes
O00421,C0101,2025-06-18,Fashion,1610.16,10,8,Card,No
O00422,C0101,2025-03-16,Home,1266.82,15,4,COD,No
O00423,C0101,2025-09-07,Electronics,3010.74,15,8,UPI,Yes
O00424,C0102,2025-10-27,Fashion,459.5,5,3,COD,No
O00425,C0102,2025-12-11,Electronics,887.48,15,3,COD,Yes
O00426,C0102,2025-07-16,Books,3245.6,10,1,Card,Yes
O00427,C0102,2025-02-08,Fashion,2549.97,20,2,Wallet,No
O00428,C0102,2025-10-17,Books,2259.32,0,8,UPI,Yes
O00429,C0103,2025-01-28,Fashion,3448.39,10,4,COD,Yes
O00430,C0103,2025-04-25,Fashion,2041.04,0,5,UPI,No
O00431,C0103,2025-11-03,Books,2388.45,5,6,COD,No
O00432,C0103,2026-01-12,Books,3800.55,0,3,Card,Yes
O00433,C0104,2025-05-14,Books,1959.64,10,1,UPI,Yes
O00434,C0104,2025-04-28,Electronics,3337.12,0,1,Wallet,No
O00435,C0104,2026-02-01,Books,793.26,5,5,Card,Yes
O00436,C0105,2025-08-06,Beauty,4187.13,20,2,UPI,No
O00437,C0105,2024-09-28,Fashion,3966.85,20,8,Card,No
O00438,C0105,2025-11-21,Books,4870.97,10,6,Card,Yes
O00439,C0106,2024-10-10,Electronics,261.2,20,2,Wallet,Yes
O00440,C0106,2025-01-08,Electronics,3941.73,10,2,Card,No
O00441,C0106,2025-08-07,Electronics,1467.8,5,1,UPI,No
O00442,C0106,2025-10-11,Books,4047.66,0,6,UPI,Yes
O00443,C0107,2025-03-29,Electronics,4784.43,10,5,COD,Yes
O00444,C0107,2024-05-01,Home,2123.73,15,8,Wallet,No
O00445,C0107,2024-06-24,Fashion,742.67,0,1,Wallet,No
O00446,C0107,2025-03-29,Home,1070.05,20,7,UPI,Yes
O00447,C0107,2025-05-14,Books,4617.91,15,2,UPI,Yes
O00448,C0107,2024-09-29,Beauty,3343.87,20,1,Card,No
O00449,C0108,2026-01-29,Fashion,1859.6,20,7,UPI,Yes
O00450,C0108,2025-03-02,Books,2626.72,5,8,UPI,No
O00451,C0108,2025-08-17,Electronics,1356.28,20,5,Card,No
O00452,C0108,2025-11-09,Books,4122.1,15,2,Wallet,Yes
O00453,C0109,2025-06-28,Beauty,2136.51,20,1,UPI,Yes
O00454,C0110,2026-05-23,Electronics,4761.7,5,6,Wallet,No
O00455,C0110,2026-06-09,Books,3639.96,0,6,UPI,Yes
O00456,C0110,2025-02-12,Beauty,1838.51,20,5,COD,Yes
O00457,C0110,2025-03-28,Fashion,4505.01,15,8,UPI,No
O00458,C0111,2025-05-23,Books,3640.58,0,2,UPI,No
O00459,C0111,2026-02-20,Books,3360.59,0,3,UPI,No
O00460,C0111,2026-03-18,Beauty,4636.98,5,3,Card,Yes
O00461,C0111,2025-12-10,Beauty,3356.1,15,6,Wallet,Yes
O00462,C0111,2025-08-16,Home,2109.78,15,6,Card,Yes
O00463,C0111,2026-01-05,Beauty,3092.12,10,5,Card,Yes
O00464,C0111,2025-06-11,Home,3196.0,5,5,Card,No
O00465,C0111,2025-03-07,Beauty,3851.72,20,8,Wallet,No
O00466,C0112,2025-08-21,Fashion,454.71,10,1,Card,No
O00467,C0112,2025-12-07,Home,902.86,5,1,UPI,No
O00468,C0112,2026-07-02,Beauty,691.9,15,4,Card,No
O00469,C0112,2025-05-13,Books,4647.13,10,7,UPI,Yes
O00470,C0112,2025-12-08,Fashion,1174.82,10,8,Card,Yes
O00471,C0112,2026-01-21,Fashion,2354.31,5,2,UPI,No
O00472,C0112,2025-05-06,Fashion,2256.84,5,5,COD,Yes
O00473,C0113,2025-05-15,Books,3065.03,20,5,COD,Yes
O00474,C0113,2025-05-10,Beauty,2721.9,0,3,Card,No
O00475,C0113,2025-12-20,Fashion,2136.4,5,6,COD,No
O00476,C0114,2024-10-29,Fashion,3410.9,20,8,Card,Yes
O00477,C0115,2025-10-01,Beauty,318.59,20,6,Wallet,No
O00478,C0115,2025-01-29,Home,1622.88,20,4,UPI,Yes
O00479,C0115,2025-06-05,Electronics,4863.82,5,1,Card,No
O00480,C0115,2025-04-01,Electronics,1186.78,5,7,UPI,No
O00481,C0115,2025-11-20,Electronics,381.85,5,2,COD,Yes
O00482,C0116,2025-12-10,Books,2278.52,0,1,UPI,Yes
O00483,C0116,2024-12-07,Home,3564.23,20,2,UPI,No
O00484,C0116,2025-08-26,Books,3111.52,15,5,Wallet,Yes
O00485,C0116,2026-02-19,Fashion,950.35,15,4,COD,Yes
O00486,C0116,2025-08-23,Electronics,3450.99,20,6,Card,Yes
O00487,C0116,2024-12-03,Beauty,224.14,20,7,UPI,No
O00488,C0116,2025-05-25,Fashion,3791.82,15,6,Card,Yes
O00489,C0116,2025-04-28,Fashion,1259.78,0,5,Card,Yes
O00490,C0117,2025-11-23,Home,671.37,10,8,Card,Yes
O00491,C0117,2025-06-22,Fashion,1568.66,10,2,Wallet,No
O00492,C0118,2025-05-07,Electronics,4801.56,10,3,Card,Yes
O00493,C0118,2025-09-07,Fashion,1528.06,10,6,Wallet,No
O00494,C0118,2025-09-17,Books,1921.96,20,5,UPI,Yes
O00495,C0118,2024-09-09,Beauty,4240.61,5,3,COD,Yes
O00496,C0118,2024-09-03,Beauty,4482.1,20,1,Wallet,Yes
O00497,C0118,2024-07-25,Fashion,2847.65,10,8,Wallet,Yes
O00498,C0119,2026-08-28,Home,2649.98,20,7,UPI,Yes
O00499,C0119,2025-09-18,Books,3834.59,5,3,Card,Yes
O00500,C0119,2026-08-10,Fashion,4708.04,15,1,Card,Yes
O00501,C0119,2025-12-28,Fashion,1973.29,20,1,COD,No
O00502,C0119,2026-07-26,Electronics,4605.93,10,1,UPI,No
O00503,C0119,2025-12-27,Books,2977.43,15,3,COD,Yes
O00504,C0119,2026-09-13,Beauty,1407.61,15,4,COD,No
O00505,C0119,2026-08-13,Beauty,4004.76,5,1,Wallet,Yes
O00506,C0120,2024-11-05,Fashion,955.32,15,2,COD,Yes
O00507,C0120,2025-09-03,Fashion,3441.1,20,8,Card,No
O00508,C0120,2024-05-20,Beauty,1369.62,20,3,Card,Yes
O00509,C0121,2025-08-10,Beauty,4627.74,20,7,UPI,No
O00510,C0121,2025-02-14,Books,1239.65,5,8,Card,No
O00511,C0121,2025-04-14,Beauty,4014.16,20,3,COD,Yes
O00512,C0122,2026-02-04,Fashion,834.62,20,1,Wallet,Yes
O00513,C0122,2025-04-14,Beauty,1051.63,20,1,UPI,Yes
O00514,C0122,2026-05-14,Books,3365.08,20,1,Wallet,No
O00515,C0122,2025-02-19,Fashion,3548.69,15,7,Wallet,No
O00516,C0122,2025-04-16,Books,2242.35,5,5,UPI,No
O00517,C0122,2026-02-28,Electronics,1437.46,20,1,UPI,Yes
O00518,C0122,2026-01-25,Books,3341.82,10,6,UPI,Yes
O00519,C0123,2025-08-16,Fashion,3137.03,15,7,Wallet,Yes
O00520,C0123,2025-08-21,Home,2883.65,10,8,COD,No
O00521,C0123,2024-12-26,Fashion,4303.99,15,2,Card,Yes
O00522,C0123,2025-03-14,Beauty,2640.05,20,6,UPI,Yes
O00523,C0123,2025-09-09,Electronics,4829.94,5,1,Wallet,No
O00524,C0123,2024-11-05,Home,507.59,0,4,UPI,No
O00525,C0123,2025-09-21,Beauty,3147.03,0,5,Card,No
O00526,C0124,2026-01-17,Beauty,2675.91,5,4,UPI,No
O00527,C0125,2025-06-16,Books,1895.01,20,7,Card,Yes
O00528,C0125,2024-07-12,Beauty,4612.05,20,5,COD,No
O00529,C0125,2025-02-10,Books,1286.22,15,4,UPI,No
O00530,C0125,2024-10-29,Beauty,2154.25,0,2,COD,No
O00531,C0125,2024-08-30,Beauty,4054.12,20,5,COD,No
O00532,C0126,2026-08-24,Books,4503.31,0,1,COD,Yes
O00533,C0126,2026-06-05,Fashion,3241.58,10,4,Wallet,No
O00534,C0126,2026-10-20,Fashion,2771.13,10,5,UPI,No
O00535,C0126,2026-04-25,Books,564.94,10,3,COD,Yes
O00536,C0126,2026-02-09,Books,1077.37,5,4,Card,Yes
O00537,C0126,2026-02-05,Fashion,1192.54,20,4,COD,Yes
O00538,C0126,2025-08-27,Books,775.42,20,2,UPI,Yes
O00539,C0126,2026-09-15,Books,1981.74,20,6,COD,No
O00540,C0127,2024-05-29,Books,2723.53,20,7,UPI,No
O00541,C0127,2025-05-12,Books,4329.92,0,3,Wallet,No
O00542,C0127,2024-04-12,Books,256.74,20,4,UPI,No
O00543,C0128,2025-03-04,Home,1493.16,5,6,Wallet,No
O00544,C0128,2025-02-05,Home,2211.65,15,6,COD,No
O00545,C0128,2025-01-05,Electronics,2942.77,10,4,Card,No
O00546,C0128,2025-07-30,Books,1141.1,0,3,Card,No
O00547,C0128,2025-11-28,Books,845.46,10,6,COD,Yes
O00548,C0129,2025-11-22,Books,4227.06,10,2,COD,No
O00549,C0129,2025-07-26,Home,2889.68,0,5,Wallet,Yes
O00550,C0129,2025-07-17,Beauty,4363.37,20,4,Card,No
O00551,C0129,2025-07-21,Books,1760.43,0,8,Wallet,No
O00552,C0129,2025-11-09,Fashion,3232.22,10,3,Wallet,No
O00553,C0130,2026-01-29,Beauty,3334.46,15,5,COD,No
O00554,C0130,2026-03-17,Books,3789.9,5,8,Card,Yes
O00555,C0130,2025-07-17,Electronics,3693.31,5,5,Card,No
O00556,C0130,2025-06-24,Beauty,658.66,0,8,UPI,No
O00557,C0130,2026-08-29,Electronics,3871.98,10,2,Card,Yes
O00558,C0130,2026-04-14,Home,1684.98,15,4,Card,Yes
O00559,C0131,2026-01-18,Beauty,4879.91,15,5,Card,Yes
O00560,C0131,2026-01-07,Beauty,3229.03,20,7,COD,No
O00561,C0131,2026-02-02,Books,2790.41,10,2,COD,No
O00562,C0131,2025-06-20,Electronics,947.44,20,1,Card,No
O00563,C0131,2025-07-17,Books,2452.15,15,1,COD,Yes
O00564,C0131,2025-12-11,Electronics,4030.23,20,4,COD,Yes
O00565,C0131,2025-11-22,Books,4434.38,5,7,Card,No
O00566,C0131,2025-10-19,Books,1258.84,5,2,COD,No
O00567,C0132,2025-06-03,Books,855.8,20,2,Wallet,No
O00568,C0132,2026-04-16,Fashion,1101.39,0,1,UPI,Yes
O00569,C0133,2025-05-21,Electronics,1317.49,15,3,Card,No
O00570,C0133,2026-07-17,Home,1695.57,15,8,UPI,No
O00571,C0133,2025-08-03,Electronics,4249.02,10,3,Wallet,Yes
O00572,C0133,2026-09-06,Books,1071.7,0,5,UPI,Yes
O00573,C0133,2026-06-11,Fashion,3901.88,0,8,Card,No
O00574,C0133,2025-08-17,Books,2701.47,15,4,COD,No
O00575,C0133,2025-10-22,Beauty,3219.99,20,1,UPI,No
O00576,C0133,2026-09-17,Home,3264.9,0,4,Card,Yes
O00577,C0134,2024-08-31,Electronics,2099.88,0,4,Wallet,Yes
O00578,C0134,2025-05-16,Fashion,3899.83,15,4,UPI,No
O00579,C0134,2024-07-01,Beauty,486.92,0,3,Card,No
O00580,C0134,2024-12-25,Books,1720.35,5,6,UPI,No
O00581,C0134,2025-05-02,Electronics,3677.12,15,5,Wallet,No
O00582,C0135,2025-09-01,Beauty,3715.53,20,5,Card,Yes
O00583,C0135,2026-04-01,Home,944.12,20,5,COD,No
O00584,C0135,2024-10-05,Fashion,3924.41,0,7,COD,Yes
O00585,C0135,2025-08-29,Fashion,3660.82,20,7,Wallet,Yes
O00586,C0135,2025-07-21,Electronics,1748.48,0,6,UPI,Yes
O00587,C0135,2025-02-14,Fashion,1057.47,0,1,Wallet,Yes
O00588,C0136,2025-08-12,Electronics,3195.06,10,5,Card,Yes
O00589,C0136,2024-03-05,Books,4665.01,0,4,Wallet,Yes
O00590,C0136,2025-02-24,Home,2878.5,0,7,COD,Yes
O00591,C0136,2024-05-03,Fashion,4205.39,20,2,UPI,Yes
O00592,C0136,2024-10-14,Fashion,2751.97,20,4,Card,Yes
O00593,C0136,2025-04-21,Books,3781.32,15,6,UPI,Yes
O00594,C0136,2024-08-23,Fashion,2839.83,20,6,Wallet,No
O00595,C0136,2025-01-08,Home,2840.39,15,6,Wallet,No
O00596,C0137,2025-11-11,Books,4815.93,0,8,UPI,No
O00597,C0137,2024-11-24,Electronics,2684.52,10,5,Card,Yes
O00598,C0137,2025-09-26,Beauty,304.17,20,5,Card,Yes
O00599,C0137,2024-12-16,Fashion,2409.78,10,3,COD,Yes
O00600,C0137,2025-07-04,Electronics,1429.97,20,5,Wallet,Yes
O00601,C0138,2025-04-18,Electronics,3057.11,20,5,Wallet,Yes
O00602,C0138,2025-03-09,Home,4624.98,15,6,Wallet,Yes
O00603,C0138,2025-08-31,Books,3788.86,0,1,COD,Yes
O00604,C0138,2025-12-03,Home,2791.66,20,3,Card,Yes
O00605,C0138,2025-03-03,Books,3433.45,20,7,UPI,Yes
O00606,C0138,2026-03-29,Fashion,1590.96,5,7,COD,Yes
O00607,C0138,2026-05-13,Beauty,2942.91,15,1,COD,Yes
O00608,C0138,2026-02-23,Fashion,2608.75,15,3,Card,No
O00609,C0139,2025-04-20,Beauty,3928.51,0,6,UPI,No
O00610,C0139,2025-09-28,Home,1953.28,10,4,UPI,No
O00611,C0140,2025-06-22,Fashion,415.41,10,4,Card,Yes
O00612,C0140,2024-07-21,Beauty,3749.99,5,4,COD,Yes
O00613,C0140,2025-03-14,Home,3530.22,15,2,Wallet,Yes
O00614,C0141,2025-10-26,Electronics,3190.6,15,3,UPI,No
O00615,C0141,2024-12-10,Beauty,488.53,10,4,UPI,No
O00616,C0141,2024-06-27,Home,519.67,0,5,UPI,No
O00617,C0141,2025-07-19,Beauty,1309.61,0,7,COD,No
O00618,C0141,2025-12-15,Beauty,622.5,15,4,UPI,Yes
O00619,C0142,2024-05-25,Home,1864.54,10,6,Card,No
O00620,C0142,2024-07-09,Electronics,3203.8,20,7,COD,Yes
O00621,C0142,2024-10-09,Fashion,1840.57,0,7,Wallet,Yes
O00622,C0143,2025-11-04,Fashion,2802.72,20,4,Card,Yes
O00623,C0143,2025-06-14,Books,3504.95,5,3,Card,No
O00624,C0143,2024-10-10,Fashion,2875.23,10,2,Card,Yes
O00625,C0143,2025-06-24,Books,4424.63,10,7,Wallet,No
O00626,C0143,2025-01-04,Fashion,3939.72,5,2,UPI,No
O00627,C0143,2025-03-26,Electronics,3062.53,10,4,UPI,No
O00628,C0144,2024-09-14,Books,4290.22,5,8,Card,Yes
O00629,C0144,2024-10-27,Home,354.7,15,1,Card,Yes
O00630,C0144,2024-10-05,Beauty,517.45,15,8,COD,No
O00631,C0144,2024-11-17,Beauty,2252.27,15,1,COD,No
O00632,C0144,2025-09-10,Beauty,2721.11,0,1,Wallet,No
O00633,C0144,2024-04-22,Beauty,4413.34,20,4,Wallet,Yes
O00634,C0145,2026-01-06,Home,2110.59,15,5,Card,No
O00635,C0145,2025-08-10,Beauty,3143.04,5,1,Wallet,No
O00636,C0145,2025-01-13,Fashion,3668.7,20,2,Card,No
O00637,C0145,2025-12-10,Fashion,1752.61,15,1,Card,No
O00638,C0145,2025-01-13,Electronics,1400.4,0,3,UPI,No
O00639,C0146,2025-12-13,Fashion,2841.66,10,1,Card,Yes
O00640,C0146,2025-04-18,Books,1058.56,10,1,COD,No
O00641,C0146,2025-09-12,Fashion,3206.97,5,2,UPI,No
O00642,C0147,2025-05-27,Books,1341.82,15,8,Wallet,Yes
O00643,C0148,2024-12-24,Home,1087.23,0,1,Card,Yes
O00644,C0148,2025-09-05,Electronics,1789.33,0,2,Wallet,Yes
O00645,C0148,2025-04-18,Books,3426.03,20,3,COD,Yes
O00646,C0148,2025-02-07,Home,3888.86,15,6,UPI,No
O00647,C0149,2025-12-14,Beauty,1780.2,5,7,Card,Yes
O00648,C0149,2025-06-27,Books,2942.56,20,2,COD,No
O00649,C0150,2026-04-24,Books,3700.09,5,8,Card,No
O00650,C0150,2025-05-25,Books,207.59,0,1,Card,No
O00651,C0150,2026-01-05,Beauty,418.36,5,6,UPI,Yes
O00652,C0150,2025-08-23,Home,1421.2,10,2,COD,Yes
O00653,C0150,2025-03-04,Books,3492.01,20,6,UPI,Yes
O00654,C0150,2025-05-25,Books,1786.47,15,6,UPI,Yes
O00655,C0150,2026-03-16,Beauty,945.85,10,8,Wallet,No
O00656,C0150,2025-01-04,Beauty,4208.51,10,5,UPI,Yes
O00657,C0151,2025-08-06,Books,4235.55,20,6,Card,No
O00658,C0151,2025-05-02,Home,3056.92,0,5,COD,No
O00659,C0151,2025-01-19,Home,2585.86,15,4,COD,Yes
O00660,C0152,2024-12-29,Books,2330.12,20,1,Card,Yes
O00661,C0152,2025-09-09,Home,4633.46,5,5,UPI,Yes
O00662,C0152,2025-04-24,Books,3677.94,20,8,UPI,Yes
O00663,C0152,2025-08-10,Home,4675.22,15,2,UPI,Yes
O00664,C0153,2025-04-26,Home,1740.23,10,4,COD,No
O00665,C0153,2025-01-22,Home,1508.74,0,3,UPI,Yes
O00666,C0153,2025-04-23,Home,2804.14,5,6,COD,Yes
O00667,C0153,2025-03-18,Beauty,541.97,15,6,UPI,Yes
O00668,C0153,2024-10-23,Electronics,2459.53,15,1,UPI,Yes
O00669,C0154,2025-06-22,Beauty,1795.19,0,4,Wallet,Yes
O00670,C0154,2024-11-10,Electronics,4101.68,15,8,COD,No
O00671,C0154,2025-12-01,Fashion,1312.13,20,4,COD,No
O00672,C0154,2025-09-12,Home,1080.09,15,6,Wallet,Yes
O00673,C0154,2024-10-12,Books,2481.6,15,6,Card,No
O00674,C0154,2025-07-29,Beauty,3101.31,0,3,Wallet,Yes
O00675,C0155,2025-07-31,Beauty,3034.57,5,4,Card,No
O00676,C0155,2025-07-14,Beauty,517.09,15,4,Wallet,No
O00677,C0155,2025-02-12,Beauty,1030.81,15,2,UPI,No
O00678,C0155,2025-05-15,Fashion,2864.42,10,8,Wallet,Yes
O00679,C0155,2024-10-05,Home,3490.44,15,7,UPI,Yes
O00680,C0155,2025-01-24,Fashion,4121.76,5,1,Wallet,No
O00681,C0155,2025-07-20,Fashion,3154.75,5,8,COD,No
O00682,C0155,2025-04-23,Home,4608.81,0,7,UPI,No
O00683,C0156,2025-03-10,Electronics,3576.1,10,6,UPI,Yes
O00684,C0157,2025-09-29,Fashion,2031.51,15,4,Card,Yes
O00685,C0157,2025-09-07,Books,4247.97,5,6,COD,Yes
O00686,C0157,2024-12-25,Fashion,255.69,15,1,Wallet,Yes
O00687,C0157,2024-11-04,Books,858.66,20,7,Wallet,Yes
O00688,C0157,2025-11-18,Books,2645.19,10,8,Card,Yes
O00689,C0157,2025-10-18,Fashion,3101.95,20,8,COD,No
O00690,C0157,2025-08-20,Beauty,360.62,15,1,COD,Yes
O00691,C0158,2026-02-13,Fashion,2681.36,15,2,UPI,No
O00692,C0158,2024-12-18,Books,4537.21,15,1,Wallet,No
O00693,C0158,2025-12-30,Home,1893.99,5,5,UPI,No
O00694,C0158,2025-07-18,Beauty,494.81,5,8,UPI,No
O00695,C0158,2024-11-21,Fashion,1576.72,20,2,UPI,No
O00696,C0159,2024-09-01,Books,3098.34,10,3,Card,No
O00697,C0160,2025-07-03,Books,3058.61,15,3,Wallet,Yes
O00698,C0160,2026-05-01,Fashion,3684.8,20,3,COD,Yes
O00699,C0161,2026-03-15,Books,2113.98,20,5,Card,No
O00700,C0161,2025-12-29,Beauty,2478.03,15,3,UPI,No
O00701,C0161,2026-02-27,Beauty,2033.62,0,6,UPI,No
O00702,C0162,2026-02-02,Beauty,4051.12,15,5,Wallet,Yes
O00703,C0162,2025-11-20,Home,2695.77,20,3,UPI,Yes
O00704,C0162,2025-07-13,Beauty,257.41,0,2,Wallet,No
O00705,C0162,2025-12-15,Fashion,3681.2,0,5,UPI,Yes
O00706,C0162,2025-07-02,Beauty,4704.83,0,4,UPI,Yes
O00707,C0163,2025-11-29,Books,1613.93,10,2,Wallet,No
O00708,C0163,2025-12-03,Home,977.44,0,2,Wallet,No
O00709,C0163,2026-02-18,Home,4980.6,5,5,Wallet,Yes
O00710,C0164,2024-12-29,Fashion,890.59,20,7,UPI,No
O00711,C0164,2025-06-01,Electronics,695.78,20,2,COD,No
O00712,C0164,2024-09-28,Electronics,4503.26,0,3,Wallet,No
O00713,C0164,2025-02-11,Beauty,3560.26,0,7,Wallet,No
O00714,C0164,2025-11-29,Beauty,2138.78,5,2,UPI,No
O00715,C0164,2026-01-15,Home,781.78,10,6,Wallet,Yes
O00716,C0164,2024-12-10,Electronics,1953.71,15,6,COD,Yes
O00717,C0164,2025-03-08,Fashion,2861.48,10,7,Wallet,Yes
O00718,C0165,2025-04-11,Beauty,371.35,5,1,Wallet,No
O00719,C0165,2025-01-22,Books,4005.15,20,5,Wallet,Yes
O00720,C0165,2024-12-26,Electronics,1828.57,15,6,UPI,Yes
O00721,C0165,2026-05-08,Beauty,2400.18,5,3,UPI,Yes
O00722,C0166,2025-09-17,Electronics,3566.22,5,3,UPI,No
O00723,C0167,2025-06-13,Electronics,748.06,5,4,Wallet,No
O00724,C0167,2026-04-12,Home,1756.33,5,3,UPI,Yes
O00725,C0168,2025-07-04,Fashion,2856.36,20,8,UPI,Yes
O00726,C0168,2024-10-01,Fashion,3997.05,0,7,Wallet,Yes
O00727,C0168,2024-06-27,Beauty,234.68,10,2,Wallet,No
O00728,C0169,2026-02-15,Beauty,1348.42,0,3,Card,No
O00729,C0169,2025-03-21,Home,3210.52,15,5,UPI,Yes
O00730,C0169,2025-07-05,Beauty,764.04,10,2,Card,No
O00731,C0169,2025-07-22,Electronics,1526.85,5,4,Wallet,No
O00732,C0169,2025-06-19,Electronics,966.85,10,1,COD,Yes
O00733,C0169,2026-03-11,Electronics,1406.63,0,8,UPI,Yes
O00734,C0169,2025-05-31,Beauty,3970.36,0,8,UPI,Yes
O00735,C0169,2026-03-21,Books,3044.99,5,6,COD,Yes
O00736,C0170,2025-08-26,Electronics,2002.56,15,4,Wallet,Yes
O00737,C0170,2026-04-25,Fashion,895.72,15,8,COD,Yes
O00738,C0170,2026-05-17,Home,3655.14,5,6,COD,Yes
O00739,C0170,2025-03-07,Home,3522.61,5,1,UPI,No
O00740,C0170,2026-05-18,Fashion,2207.47,10,6,Card,Yes
O00741,C0170,2025-09-26,Fashion,615.08,20,8,Wallet,No
O00742,C0170,2025-11-15,Fashion,269.62,5,7,COD,No
O00743,C0171,2025-12-25,Books,4904.88,20,1,UPI,No
O00744,C0172,2025-06-02,Books,598.84,5,1,Card,No
O00745,C0172,2025-07-28,Electronics,1347.5,15,2,COD,Yes
O00746,C0172,2026-01-12,Books,4318.03,15,1,Card,No
O00747,C0172,2025-04-06,Books,3991.32,0,6,UPI,No
O00748,C0172,2025-09-04,Books,2748.42,10,5,Card,Yes
O00749,C0172,2025-09-07,Beauty,3731.65,10,1,UPI,Yes
O00750,C0172,2025-10-26,Home,1954.84,10,1,Card,Yes
O00751,C0172,2025-04-26,Fashion,864.35,20,6,UPI,No
O00752,C0173,2025-12-07,Beauty,1893.02,15,5,COD,Yes
O00753,C0173,2025-03-18,Books,1989.51,20,8,UPI,No
O00754,C0173,2026-07-11,Books,3455.88,20,5,COD,Yes
O00755,C0173,2025-07-24,Electronics,4481.14,0,8,Wallet,Yes
O00756,C0174,2025-10-18,Beauty,922.39,0,4,COD,No
O00757,C0174,2024-10-10,Books,2474.74,0,7,COD,Yes
O00758,C0174,2024-07-31,Beauty,305.78,10,4,Wallet,No
O00759,C0175,2026-03-15,Home,1659.6,5,3,COD,Yes
O00760,C0175,2026-04-11,Electronics,1985.13,5,5,COD,No
O00761,C0175,2026-03-13,Beauty,4789.83,10,3,Card,Yes
O00762,C0175,2025-05-08,Electronics,974.02,10,2,Card,No
O00763,C0175,2025-08-25,Beauty,1974.43,0,4,COD,No
O00764,C0175,2025-05-02,Beauty,1989.99,10,3,UPI,Yes
O00765,C0175,2026-01-20,Books,4669.13,10,3,Card,Yes
O00766,C0175,2026-05-05,Books,1790.15,10,5,Card,No
O00767,C0176,2025-05-04,Books,319.02,10,4,UPI,No
O00768,C0176,2024-08-18,Beauty,3119.13,20,4,Card,No
O00769,C0177,2025-09-17,Home,2093.23,20,8,UPI,No
O00770,C0177,2025-05-23,Home,910.14,15,7,COD,Yes
O00771,C0178,2025-01-01,Books,3693.7,15,8,COD,Yes
O00772,C0178,2025-08-03,Fashion,3697.31,20,7,UPI,Yes
O00773,C0179,2024-07-16,Books,231.77,5,5,Wallet,Yes
O00774,C0179,2024-11-07,Home,1092.83,20,7,Wallet,Yes
O00775,C0179,2025-02-20,Books,4206.01,20,5,Wallet,Yes
O00776,C0179,2024-05-14,Home,3997.85,10,3,Wallet,Yes
O00777,C0179,2025-02-05,Fashion,2202.35,0,8,UPI,No
O00778,C0179,2025-09-03,Beauty,4972.8,10,2,Wallet,No
O00779,C0179,2025-01-06,Electronics,3214.38,10,8,UPI,No
O00780,C0180,2025-03-25,Home,983.88,15,5,COD,Yes
O00781,C0180,2025-01-15,Beauty,1599.99,5,2,Card,Yes
O00782,C0180,2024-09-12,Home,2809.82,10,6,COD,Yes
O00783,C0181,2026-03-15,Books,1550.81,10,8,Card,Yes
O00784,C0181,2025-05-12,Fashion,941.86,20,4,UPI,No
O00785,C0181,2026-01-15,Fashion,4596.95,0,2,Wallet,No
O00786,C0182,2024-12-02,Electronics,3607.5,5,1,Card,Yes
O00787,C0182,2025-01-27,Fashion,1675.66,0,4,Wallet,Yes
O00788,C0182,2024-08-27,Books,290.27,0,8,Card,Yes
O00789,C0182,2024-07-12,Books,4006.66,0,1,COD,Yes
O00790,C0182,2024-08-15,Electronics,1647.9,0,1,Card,Yes
O00791,C0182,2024-12-15,Electronics,3418.88,5,1,COD,No
O00792,C0183,2024-10-09,Beauty,4134.02,5,1,Card,No
O00793,C0183,2024-12-22,Electronics,4527.97,5,1,Wallet,No
O00794,C0184,2026-01-16,Books,2235.64,0,4,COD,Yes
O00795,C0184,2026-04-15,Books,729.52,10,3,COD,Yes
O00796,C0184,2025-03-18,Books,1774.95,10,2,Wallet,No
O00797,C0184,2026-03-23,Home,1284.19,15,7,Card,Yes
O00798,C0184,2026-04-25,Fashion,4707.59,0,6,Wallet,Yes
O00799,C0184,2026-02-02,Electronics,2302.68,5,2,Wallet,No
O00800,C0185,2025-07-13,Electronics,1825.43,5,7,Wallet,No
O00801,C0185,2025-10-03,Books,3871.12,10,5,Wallet,No
O00802,C0185,2026-05-02,Books,2654.79,0,3,UPI,No
O00803,C0185,2026-05-07,Electronics,2586.91,0,3,UPI,Yes
O00804,C0185,2026-05-16,Books,3454.92,20,3,COD,Yes
O00805,C0185,2025-10-28,Electronics,3185.44,20,2,Wallet,No
O00806,C0186,2025-03-31,Electronics,4085.51,15,1,UPI,No
O00807,C0186,2025-07-18,Books,1709.88,15,7,UPI,Yes
O00808,C0186,2024-10-12,Fashion,2872.0,15,5,Wallet,Yes
O00809,C0186,2025-02-27,Electronics,3635.47,20,8,Wallet,No
O00810,C0186,2025-08-14,Beauty,2898.83,0,3,Wallet,No
O00811,C0187,2024-11-12,Fashion,335.11,10,1,COD,Yes
O00812,C0187,2025-08-26,Home,2026.75,10,7,Wallet,No
O00813,C0187,2024-11-07,Fashion,3373.95,10,4,UPI,Yes
O00814,C0187,2025-07-20,Electronics,749.46,20,3,COD,Yes
O00815,C0187,2025-12-26,Beauty,3357.29,20,7,Wallet,No
O00816,C0187,2024-10-01,Home,3540.6,15,1,Wallet,No
O00817,C0188,2025-09-30,Fashion,2584.31,20,6,COD,No
O00818,C0188,2026-01-10,Beauty,1168.44,5,2,COD,No
O00819,C0188,2024-12-08,Fashion,1627.14,20,7,UPI,Yes
O00820,C0188,2025-09-30,Books,1512.15,5,8,COD,Yes
O00821,C0189,2025-06-22,Beauty,2188.71,20,5,Wallet,Yes
O00822,C0189,2024-12-19,Beauty,3213.65,15,3,Card,No
O00823,C0189,2025-08-31,Beauty,4698.38,0,7,Card,No
O00824,C0189,2026-03-18,Home,909.17,15,3,Wallet,No
O00825,C0189,2025-02-03,Home,3242.85,10,7,Card,No
O00826,C0189,2025-07-29,Fashion,2148.16,5,2,UPI,Yes
O00827,C0190,2025-09-07,Electronics,964.92,10,3,COD,Yes
O00828,C0191,2025-02-19,Electronics,1706.74,15,5,COD,Yes
O00829,C0192,2025-12-13,Beauty,4445.91,0,4,COD,No
O00830,C0192,2025-08-26,Books,4068.04,5,4,Card,Yes
O00831,C0192,2025-01-18,Books,1227.72,15,5,COD,Yes
O00832,C0192,2025-12-07,Home,2760.66,20,2,Wallet,No
O00833,C0192,2025-04-01,Home,4823.91,15,3,COD,No
O00834,C0193,2024-09-13,Home,1414.32,10,7,UPI,Yes
O00835,C0194,2025-06-16,Home,4694.35,5,4,Card,No
O00836,C0194,2026-02-03,Electronics,4421.44,10,7,UPI,No
O00837,C0194,2026-07-11,Books,3737.32,0,6,Card,No
O00838,C0194,2026-08-16,Beauty,518.56,20,7,COD,No
O00839,C0194,2025-04-13,Books,3857.48,5,3,UPI,No
O00840,C0195,2024-12-24,Beauty,2678.56,15,3,COD,No
O00841,C0195,2025-08-15,Home,4392.83,5,3,COD,No
O00842,C0195,2024-11-02,Fashion,605.11,15,6,Wallet,Yes
O00843,C0196,2024-08-02,Electronics,1456.56,15,3,Wallet,No
O00844,C0196,2024-06-12,Fashion,627.49,20,6,UPI,Yes
O00845,C0196,2025-07-03,Books,2288.76,0,8,Card,Yes
O00846,C0196,2024-07-25,Home,4741.05,15,5,Wallet,Yes
O00847,C0196,2025-03-28,Home,4310.42,5,4,Wallet,Yes
O00848,C0196,2025-03-05,Home,4003.82,10,1,Card,No
O00849,C0196,2024-09-22,Electronics,1974.26,0,8,Wallet,Yes
O00850,C0196,2024-12-08,Fashion,4877.12,15,7,Wallet,No
O00851,C0197,2025-06-04,Electronics,4559.49,10,1,Wallet,No
O00852,C0197,2025-03-18,Beauty,3422.06,0,3,Card,No
O00853,C0197,2024-07-30,Books,2617.98,5,6,UPI,No
O00854,C0197,2025-08-04,Electronics,2278.06,10,5,UPI,Yes
O00855,C0198,2025-06-10,Fashion,2681.47,10,7,Wallet,Yes
O00856,C0198,2025-12-07,Electronics,455.47,5,3,Card,Yes
O00857,C0198,2026-01-07,Books,1449.08,0,8,Wallet,Yes
O00858,C0198,2025-12-09,Books,1911.3,15,8,UPI,Yes
O00859,C0198,2025-01-17,Home,1878.1,5,4,Card,No
O00860,C0199,2025-12-16,Books,4617.98,0,4,COD,Yes
O00861,C0199,2025-08-03,Books,3470.3,10,2,UPI,No
O00862,C0199,2025-03-22,Books,338.6,15,8,COD,Yes
O00863,C0200,2025-01-20,Home,4343.74,0,5,UPI,No
O00864,C0200,2024-09-20,Fashion,2114.52,15,3,UPI,Yes
O00865,C0200,2025-01-17,Home,982.12,5,7,UPI,No
O00866,C0201,2025-09-11,Beauty,3394.5,5,6,Wallet,No
O00867,C0201,2025-10-11,Electronics,2486.91,15,7,COD,Yes
O00868,C0201,2025-11-27,Electronics,3227.29,20,2,COD,No
O00869,C0202,2025-10-06,Books,2447.45,10,2,Card,Yes
O00870,C0202,2025-10-16,Home,4239.38,20,7,UPI,Yes
O00871,C0203,2026-08-03,Home,3372.11,10,5,UPI,Yes
O00872,C0203,2025-08-09,Fashion,3754.48,5,8,Wallet,Yes
O00873,C0204,2025-05-18,Home,3194.29,5,5,Card,Yes
O00874,C0204,2024-05-03,Electronics,3785.74,15,5,UPI,Yes
O00875,C0204,2025-03-23,Books,760.06,15,3,Wallet,No
O00876,C0204,2024-12-19,Books,3168.8,10,6,UPI,Yes
O00877,C0204,2024-06-30,Electronics,266.6,5,2,UPI,Yes
O00878,C0204,2025-06-19,Books,3313.39,20,4,Card,Yes
O00879,C0204,2024-12-17,Books,3894.66,15,3,UPI,Yes
O00880,C0204,2024-08-01,Books,4531.59,15,8,UPI,No
O00881,C0205,2024-11-04,Books,692.78,15,7,COD,Yes
O00882,C0205,2026-03-10,Fashion,2118.47,0,8,UPI,No
O00883,C0205,2025-09-15,Books,2855.63,15,5,UPI,No
O00884,C0205,2025-10-17,Electronics,2351.96,5,7,COD,Yes
O00885,C0205,2026-02-19,Beauty,1850.47,5,4,COD,No
O00886,C0205,2025-03-10,Books,4439.23,10,7,Wallet,Yes
O00887,C0206,2025-03-27,Beauty,1031.8,15,3,UPI,No
O00888,C0206,2026-04-04,Beauty,1657.53,0,4,UPI,No
O00889,C0206,2025-08-09,Fashion,1913.81,20,3,UPI,Yes
O00890,C0206,2025-10-26,Electronics,2266.98,20,4,Card,No
O00891,C0206,2025-08-06,Electronics,4969.58,20,6,COD,Yes
O00892,C0206,2026-04-26,Electronics,3100.59,15,2,Wallet,Yes
O00893,C0206,2025-03-03,Beauty,3951.93,0,2,UPI,Yes
O00894,C0206,2025-03-15,Fashion,4380.17,10,6,Wallet,No
O00895,C0207,2025-05-16,Books,4273.26,0,8,Card,No
O00896,C0207,2025-12-26,Electronics,1576.44,10,3,COD,No
O00897,C0207,2026-01-15,Fashion,3221.31,20,4,Wallet,Yes
O00898,C0208,2024-04-11,Beauty,2324.38,0,1,UPI,No
O00899,C0208,2025-01-28,Books,2127.92,0,3,Wallet,Yes
O00900,C0208,2024-08-13,Beauty,4532.05,10,1,Wallet,No
O00901,C0208,2025-01-17,Home,3663.45,0,6,COD,Yes
O00902,C0208,2025-04-29,Beauty,2341.71,20,4,Wallet,No
O00903,C0208,2025-04-30,Electronics,3921.92,0,5,COD,No
O00904,C0209,2026-06-14,Fashion,2848.57,0,6,UPI,No
O00905,C0209,2025-09-11,Books,4194.7,20,5,UPI,Yes
O00906,C0210,2025-07-12,Books,2353.94,10,1,Card,Yes
O00907,C0211,2025-12-13,Home,3740.06,20,2,Card,No
O00908,C0211,2025-10-07,Books,670.34,0,7,UPI,Yes
O00909,C0211,2025-09-07,Fashion,4464.84,15,8,UPI,No
O00910,C0211,2025-12-19,Home,2133.22,20,7,Wallet,No
O00911,C0211,2025-09-22,Books,3507.29,5,8,Card,Yes
O00912,C0211,2025-11-07,Beauty,3613.52,20,3,UPI,Yes
O00913,C0211,2025-10-08,Beauty,2472.11,10,3,UPI,No
O00914,C0212,2024-06-26,Home,1983.04,10,6,Wallet,Yes
O00915,C0212,2024-07-22,Electronics,882.27,10,7,COD,Yes
O00916,C0212,2024-09-01,Electronics,4131.8,0,8,COD,Yes
O00917,C0213,2026-03-02,Beauty,3950.48,5,8,Card,No
O00918,C0213,2026-06-25,Home,3402.66,0,3,Wallet,No
O00919,C0213,2025-11-15,Beauty,4521.17,0,6,Wallet,No
O00920,C0213,2025-06-20,Beauty,4356.58,10,1,UPI,Yes
O00921,C0213,2025-10-05,Beauty,4784.81,20,1,Card,No
O00922,C0213,2026-08-18,Beauty,4504.95,5,2,UPI,No
O00923,C0213,2025-10-18,Electronics,1377.38,20,8,COD,No
O00924,C0213,2025-05-07,Home,2559.07,15,1,Card,No
O00925,C0214,2024-04-24,Fashion,2800.54,5,5,COD,Yes
O00926,C0214,2024-06-19,Fashion,1672.61,0,7,COD,Yes
O00927,C0215,2025-03-12,Books,4486.45,0,5,UPI,Yes
O00928,C0215,2024-09-16,Books,3810.24,20,4,Wallet,Yes
O00929,C0215,2024-10-16,Beauty,491.03,15,8,UPI,No
O00930,C0216,2024-09-24,Home,3862.3,20,3,Wallet,No
O00931,C0216,2024-04-10,Fashion,4262.13,10,4,Card,Yes
O00932,C0217,2026-01-21,Fashion,4813.35,0,5,UPI,No
O00933,C0218,2025-10-24,Beauty,1550.29,20,3,UPI,No
O00934,C0218,2024-08-19,Fashion,2097.46,20,2,COD,No
O00935,C0218,2024-12-21,Home,3130.14,10,6,Wallet,No
O00936,C0218,2025-01-26,Home,3378.93,5,6,Wallet,No
O00937,C0219,2024-01-14,Books,4526.94,20,3,Wallet,No
O00938,C0219,2024-04-02,Beauty,3979.07,0,2,Wallet,Yes
O00939,C0219,2025-01-05,Beauty,4865.79,10,7,Wallet,Yes
O00940,C0219,2024-01-18,Fashion,798.87,15,6,UPI,Yes
O00941,C0219,2024-01-30,Fashion,3840.42,0,6,COD,Yes
O00942,C0219,2024-09-05,Electronics,4904.57,10,6,Wallet,Yes
O00943,C0219,2024-01-17,Electronics,1141.22,10,7,Wallet,Yes
O00944,C0219,2024-07-26,Electronics,3367.22,20,3,Card,Yes
O00945,C0220,2024-09-19,Beauty,4268.8,20,1,COD,No
O00946,C0220,2024-03-09,Home,4701.87,15,1,Wallet,No
O00947,C0220,2024-07-09,Books,3464.83,10,8,UPI,Yes
O00948,C0220,2024-04-24,Beauty,1534.08,15,7,COD,Yes
O00949,C0220,2025-04-12,Beauty,1134.12,0,2,Card,No
O00950,C0221,2026-03-20,Electronics,501.65,15,2,Wallet,Yes
O00951,C0221,2026-04-13,Electronics,4234.44,15,4,Card,No
O00952,C0221,2025-06-30,Electronics,4143.84,20,4,Wallet,Yes
O00953,C0221,2026-08-06,Electronics,2978.89,0,2,Wallet,No
O00954,C0221,2025-07-11,Books,3956.7,0,1,COD,No
O00955,C0221,2025-07-12,Beauty,688.77,0,1,COD,No
O00956,C0222,2025-11-01,Beauty,2042.82,20,7,UPI,No
O00957,C0223,2025-03-20,Beauty,692.91,5,2,Card,No
O00958,C0223,2025-11-28,Fashion,2220.83,5,8,Card,Yes
O00959,C0223,2025-01-30,Beauty,812.87,10,7,COD,Yes
O00960,C0223,2025-04-29,Home,2453.71,10,6,UPI,Yes
O00961,C0224,2024-08-18,Electronics,4887.25,10,4,Card,No
O00962,C0224,2025-05-23,Beauty,3078.86,20,6,COD,No
O00963,C0224,2025-04-03,Books,1777.37,0,2,Wallet,Yes
O00964,C0224,2024-02-03,Books,3266.08,20,4,Card,Yes
O00965,C0224,2025-06-06,Books,3726.01,5,6,Wallet,Yes
O00966,C0224,2024-02-06,Home,1941.52,0,2,UPI,Yes
O00967,C0225,2024-12-18,Fashion,1149.56,10,3,Card,No
O00968,C0226,2025-12-03,Fashion,4571.11,15,1,UPI,No
O00969,C0226,2025-10-11,Home,1664.35,10,4,Card,No
O00970,C0226,2025-05-15,Fashion,768.77,5,3,Wallet,No
O00971,C0227,2025-12-12,Home,1612.08,5,3,UPI,No
O00972,C0227,2024-10-19,Fashion,4287.21,0,8,Wallet,Yes
O00973,C0227,2024-11-30,Books,2641.35,20,6,Wallet,Yes
O00974,C0227,2025-05-07,Books,3619.94,15,8,COD,No
O00975,C0228,2026-02-28,Fashion,4343.21,10,7,Wallet,No
O00976,C0228,2025-05-02,Home,4690.39,20,6,UPI,Yes
O00977,C0228,2025-02-17,Fashion,1616.23,20,6,UPI,No
O00978,C0228,2026-05-01,Books,3181.4,15,7,Wallet,No
O00979,C0229,2025-10-03,Home,1322.19,0,2,COD,Yes
O00980,C0229,2025-04-17,Electronics,4647.71,0,2,COD,Yes
O00981,C0229,2025-01-29,Home,1802.04,10,6,COD,Yes
O00982,C0230,2025-10-12,Books,4147.08,20,7,UPI,No
O00983,C0230,2026-06-05,Books,4948.52,5,3,Card,Yes
O00984,C0230,2026-04-27,Books,1321.87,10,8,UPI,No
O00985,C0230,2025-07-08,Fashion,2258.21,15,7,Wallet,Yes
O00986,C0230,2026-01-15,Home,866.96,0,3,Wallet,No
O00987,C0231,2025-05-22,Fashion,3017.38,5,1,COD,No
O00988,C0231,2025-07-18,Electronics,1180.18,20,7,Wallet,Yes
O00989,C0231,2025-10-22,Home,721.46,0,8,Card,Yes
O00990,C0231,2024-12-21,Electronics,353.88,5,8,Card,Yes
O00991,C0231,2025-07-23,Home,1562.32,20,4,UPI,No
O00992,C0232,2025-03-06,Fashion,953.77,20,2,Wallet,No
O00993,C0232,2024-04-10,Fashion,2067.17,5,4,COD,No
O00994,C0232,2025-05-31,Beauty,962.15,5,5,Wallet,No
O00995,C0232,2024-08-24,Books,235.73,0,3,Wallet,Yes
O00996,C0232,2025-07-22,Books,1778.68,15,8,UPI,Yes
O00997,C0232,2024-11-20,Home,3302.24,10,8,Wallet,Yes
O00998,C0232,2025-03-31,Books,1395.85,15,7,Card,Yes
O00999,C0233,2024-09-27,Books,3550.61,15,4,UPI,No
O01000,C0233,2024-10-07,Books,3825.9,15,6,Card,No
O01001,C0233,2025-02-18,Electronics,2629.11,0,8,Wallet,No
O01002,C0233,2025-07-07,Books,3780.6,0,4,UPI,No
O01003,C0233,2024-11-15,Home,3603.68,15,3,Wallet,No
O01004,C0234,2024-06-27,Fashion,2459.78,5,5,UPI,Yes
O01005,C0234,2024-08-04,Fashion,1611.89,0,7,UPI,No
O01006,C0234,2024-07-11,Fashion,2315.16,0,3,Card,No
O01007,C0234,2024-03-24,Books,4215.21,10,2,Wallet,Yes
O01008,C0234,2024-02-09,Fashion,433.59,5,7,COD,Yes
O01009,C0234,2024-08-27,Electronics,638.65,0,7,COD,Yes
O01010,C0234,2024-04-09,Fashion,1258.73,5,2,UPI,No
O01011,C0234,2025-07-13,Home,716.88,20,6,Card,Yes
O01012,C0235,2025-11-28,Fashion,708.25,0,6,Wallet,No
O01013,C0235,2025-05-06,Fashion,2068.1,0,8,COD,No
O01014,C0235,2025-06-07,Books,523.19,10,4,Wallet,Yes
O01015,C0235,2026-10-25,Home,3998.05,0,3,COD,No
O01016,C0236,2025-02-21,Books,1808.51,20,8,Card,Yes
O01017,C0236,2025-08-09,Home,301.82,5,2,Wallet,Yes
O01018,C0236,2025-03-05,Books,487.63,10,6,Card,Yes
O01019,C0236,2026-01-02,Fashion,1181.05,20,1,Wallet,No
O01020,C0236,2025-04-30,Beauty,1535.01,15,1,COD,Yes
O01021,C0236,2025-08-05,Home,4265.29,5,6,Card,Yes
O01022,C0236,2025-08-25,Beauty,4046.97,15,4,COD,Yes
O01023,C0236,2026-03-11,Books,3222.96,0,2,Card,Yes
O01024,C0237,2025-06-18,Books,1334.29,15,2,COD,Yes
O01025,C0237,2025-06-11,Beauty,1375.64,5,3,COD,No
O01026,C0237,2026-02-23,Home,4845.08,15,4,UPI,No
O01027,C0238,2024-12-29,Electronics,4134.1,15,8,Wallet,Yes
O01028,C0238,2025-05-26,Beauty,3056.88,5,3,COD,No
O01029,C0238,2025-11-09,Books,1668.07,20,5,Wallet,Yes
O01030,C0238,2025-06-29,Fashion,855.95,5,8,Card,Yes
O01031,C0238,2024-08-05,Books,4335.94,15,6,Wallet,No
O01032,C0238,2025-08-09,Beauty,2043.38,0,5,Wallet,Yes
O01033,C0238,2024-11-27,Fashion,2047.16,15,3,COD,No
O01034,C0239,2025-10-17,Fashion,4647.29,15,4,UPI,No
O01035,C0240,2025-04-19,Electronics,1420.58,0,3,UPI,No
O01036,C0240,2026-01-01,Beauty,3589.13,5,2,Wallet,Yes
O01037,C0240,2026-01-31,Beauty,1413.78,20,5,Wallet,No
O01038,C0240,2026-01-15,Electronics,3811.82,20,2,COD,Yes
O01039,C0240,2025-08-22,Home,3793.9,0,7,Card,No
O01040,C0240,2024-11-21,Beauty,664.98,15,7,COD,No
O01041,C0240,2025-05-13,Fashion,1046.73,5,3,Wallet,Yes
O01042,C0240,2026-04-18,Beauty,4752.72,5,8,Card,Yes
O01043,C0241,2025-04-27,Fashion,3208.82,0,2,COD,Yes
O01044,C0241,2025-02-21,Home,798.47,0,2,Card,No
O01045,C0241,2025-06-11,Electronics,3429.46,0,2,COD,Yes
O01046,C0241,2024-03-14,Books,664.84,20,1,COD,No
O01047,C0241,2025-05-30,Home,3833.18,10,7,COD,No
O01048,C0241,2024-10-03,Books,4716.76,20,7,UPI,No
O01049,C0241,2025-01-04,Books,4070.1,15,1,Card,Yes
O01050,C0242,2025-11-17,Beauty,2369.21,15,8,Card,Yes
O01051,C0242,2025-09-30,Electronics,279.83,10,6,Wallet,Yes
O01052,C0242,2026-03-16,Home,2120.79,15,2,Wallet,Yes
O01053,C0242,2025-12-04,Fashion,1610.54,20,4,UPI,Yes
O01054,C0243,2025-01-08,Fashion,2514.41,5,4,Card,Yes
O01055,C0243,2024-12-29,Fashion,2287.49,10,1,Wallet,No
O01056,C0243,2025-04-25,Electronics,3652.04,5,8,Wallet,Yes
O01057,C0243,2025-08-18,Home,4385.31,15,2,Wallet,No
O01058,C0243,2025-05-08,Home,1273.04,0,2,UPI,Yes
O01059,C0243,2025-08-26,Electronics,3754.79,20,4,COD,Yes
O01060,C0243,2025-07-29,Home,4779.53,0,1,Card,No
O01061,C0243,2025-11-19,Fashion,1734.29,20,6,Card,Yes
O01062,C0244,2025-05-21,Books,4218.64,5,8,COD,Yes
O01063,C0244,2024-08-26,Beauty,3074.63,0,5,COD,No
O01064,C0244,2025-02-27,Electronics,2576.12,10,7,Card,Yes
O01065,C0245,2026-04-16,Electronics,1635.69,20,3,Wallet,No
O01066,C0245,2026-05-17,Books,3453.91,15,6,UPI,No
O01067,C0245,2025-12-25,Beauty,3542.61,15,4,UPI,Yes
O01068,C0245,2026-02-05,Home,3810.88,15,1,Card,Yes
O01069,C0245,2026-06-06,Fashion,3540.59,5,5,Card,Yes
O01070,C0245,2025-03-20,Fashion,1938.68,15,2,Wallet,Yes
O01071,C0245,2025-05-07,Fashion,661.03,0,8,UPI,No
O01072,C0245,2026-05-29,Fashion,4854.69,0,7,UPI,Yes
O01073,C0246,2024-10-22,Home,3933.11,15,7,COD,Yes
O01074,C0246,2024-11-22,Books,759.81,20,2,Card,Yes
O01075,C0246,2025-11-26,Beauty,1513.88,5,2,Wallet,No
O01076,C0246,2025-10-10,Electronics,1632.14,10,3,UPI,Yes
O01077,C0246,2025-09-11,Books,4101.77,20,1,Wallet,Yes
O01078,C0246,2026-01-05,Fashion,4218.29,0,2,Card,Yes
O01079,C0246,2024-07-28,Electronics,2862.66,0,6,Card,Yes
O01080,C0247,2025-04-07,Beauty,2629.51,5,6,Wallet,Yes
O01081,C0247,2025-08-12,Beauty,1642.88,15,5,Card,No
O01082,C0248,2025-04-02,Fashion,3380.56,0,1,Card,Yes
O01083,C0248,2025-10-24,Fashion,4309.21,20,4,Card,No
O01084,C0248,2025-10-02,Electronics,816.76,20,7,COD,No
O01085,C0248,2026-01-16,Books,3318.89,15,3,UPI,No
O01086,C0249,2025-02-23,Fashion,3221.93,10,5,Card,No
O01087,C0249,2025-05-19,Books,1718.53,0,7,Card,Yes
O01088,C0249,2025-09-15,Beauty,798.18,15,2,UPI,No
O01089,C0249,2025-03-14,Home,1941.53,5,6,Card,No
O01090,C0250,2024-05-12,Beauty,1043.51,15,5,UPI,No
O01091,C0250,2024-10-21,Electronics,2847.4,5,2,COD,No
O01092,C0251,2024-12-24,Fashion,245.59,5,3,Wallet,No
O01093,C0251,2024-05-27,Fashion,4608.52,20,6,Wallet,No
O01094,C0251,2024-10-07,Books,2307.01,20,6,COD,No
O01095,C0252,2026-03-11,Electronics,2151.27,0,6,UPI,Yes
O01096,C0252,2025-08-06,Electronics,992.54,10,1,Wallet,Yes
O01097,C0253,2026-10-17,Books,3488.58,0,2,Card,Yes
O01098,C0253,2026-07-17,Fashion,3572.44,20,6,UPI,No
O01099,C0253,2025-10-27,Fashion,3437.71,0,4,COD,Yes
O01100,C0253,2026-10-16,Books,1895.8,15,1,Wallet,Yes
O01101,C0253,2026-05-25,Fashion,4854.7,20,6,UPI,No
O01102,C0253,2026-03-10,Fashion,2519.0,0,5,Wallet,Yes
O01103,C0253,2026-03-16,Books,4659.72,20,1,Wallet,Yes
O01104,C0253,2026-05-07,Home,228.28,10,8,COD,Yes
O01105,C0254,2024-01-13,Fashion,686.42,0,8,Card,No
O01106,C0254,2024-05-09,Fashion,4582.92,10,1,Card,No
O01107,C0254,2025-02-11,Books,1996.69,5,6,COD,Yes
O01108,C0254,2025-03-28,Fashion,3350.14,5,8,COD,No
O01109,C0254,2024-01-09,Electronics,1924.34,5,4,COD,Yes
O01110,C0254,2024-05-19,Electronics,2093.82,5,6,Card,No
O01111,C0255,2026-09-26,Home,4039.14,15,3,Wallet,Yes
O01112,C0255,2025-08-27,Fashion,4796.86,5,1,COD,Yes
O01113,C0255,2026-01-04,Books,449.79,20,6,UPI,No
O01114,C0255,2026-09-10,Electronics,1589.44,15,8,Card,Yes
O01115,C0255,2026-10-12,Electronics,1096.93,10,5,Card,No
O01116,C0255,2025-11-26,Beauty,2474.69,20,2,Card,Yes
O01117,C0255,2025-10-06,Books,1301.04,0,3,COD,Yes
O01118,C0255,2025-10-03,Electronics,2246.25,0,4,Wallet,No
O01119,C0256,2025-12-06,Electronics,2500.14,10,7,UPI,No
O01120,C0256,2025-10-03,Books,1546.67,5,6,COD,Yes
O01121,C0256,2025-03-31,Home,396.27,5,1,COD,No
O01122,C0256,2025-07-09,Books,4560.71,5,2,COD,No
O01123,C0256,2025-10-03,Electronics,1804.55,0,2,Card,No
O01124,C0256,2025-09-30,Beauty,3758.2,20,6,COD,Yes
O01125,C0257,2025-04-11,Electronics,3221.88,20,2,Card,Yes
O01126,C0257,2026-02-28,Beauty,4642.4,20,2,COD,No
O01127,C0258,2025-02-20,Beauty,813.59,10,7,COD,No
O01128,C0258,2026-04-11,Books,3223.35,0,2,Wallet,No
O01129,C0258,2026-06-27,Fashion,4670.4,20,1,COD,Yes
O01130,C0259,2025-07-10,Fashion,2576.12,15,2,Wallet,No
O01131,C0259,2025-07-13,Fashion,3114.65,0,4,Card,Yes
O01132,C0259,2024-06-07,Beauty,4419.94,20,8,COD,No
O01133,C0259,2025-01-09,Beauty,1622.55,0,5,Card,Yes
O01134,C0260,2024-11-04,Electronics,4650.79,5,5,Card,Yes
O01135,C0260,2024-01-26,Home,3313.5,0,6,COD,Yes
O01136,C0260,2025-03-18,Home,4512.01,0,5,UPI,No
O01137,C0261,2025-05-19,Beauty,4739.15,20,5,Card,No
O01138,C0261,2024-12-04,Beauty,1756.46,15,4,Card,No
O01139,C0262,2024-10-31,Fashion,2405.07,20,3,Wallet,Yes
O01140,C0262,2025-02-11,Fashion,301.03,15,3,Card,Yes
O01141,C0262,2024-09-22,Books,545.83,15,4,UPI,Yes
O01142,C0262,2024-05-11,Books,3095.81,0,7,UPI,Yes
O01143,C0262,2024-06-12,Home,834.46,5,2,UPI,Yes
O01144,C0262,2024-08-15,Electronics,2803.38,5,6,Card,No
O01145,C0262,2025-07-27,Home,4114.23,15,5,Card,Yes
O01146,C0262,2024-06-25,Beauty,2808.93,0,5,UPI,Yes
O01147,C0263,2024-10-09,Books,315.2,5,7,COD,No
O01148,C0264,2024-08-16,Home,1277.71,0,5,COD,Yes
O01149,C0264,2025-04-30,Electronics,4631.93,20,2,Card,Yes
O01150,C0264,2025-07-08,Books,2746.31,5,3,COD,No
O01151,C0265,2025-03-26,Electronics,4091.45,5,2,Card,No
O01152,C0265,2024-11-26,Electronics,2074.88,0,8,Wallet,No
O01153,C0265,2024-11-23,Fashion,634.15,15,3,COD,No
O01154,C0265,2025-11-16,Beauty,2234.39,10,7,Card,Yes
O01155,C0265,2025-07-25,Beauty,2209.57,20,8,Wallet,Yes
O01156,C0265,2025-07-26,Beauty,601.37,20,7,Card,Yes
O01157,C0266,2024-09-14,Home,4620.34,10,1,Card,No
O01158,C0266,2025-08-15,Fashion,891.87,5,7,Card,Yes
O01159,C0266,2024-09-19,Books,762.73,0,3,Wallet,No
O01160,C0266,2024-06-25,Books,3566.73,20,2,Card,Yes
O01161,C0266,2024-09-28,Fashion,1953.17,0,2,UPI,No
O01162,C0266,2024-10-01,Fashion,3874.0,20,8,COD,No
O01163,C0266,2025-06-26,Electronics,3668.28,10,8,UPI,Yes
O01164,C0266,2024-07-01,Beauty,4429.55,5,1,Card,Yes
O01165,C0267,2025-12-17,Books,1668.96,5,4,COD,Yes
O01166,C0267,2026-01-07,Fashion,2012.29,15,3,UPI,Yes
O01167,C0267,2025-08-27,Books,1081.73,15,2,COD,No
O01168,C0267,2025-08-15,Books,991.16,5,6,COD,Yes
O01169,C0267,2024-11-05,Electronics,573.48,5,6,COD,Yes
O01170,C0268,2025-04-29,Fashion,3264.27,10,1,UPI,Yes
O01171,C0268,2026-02-12,Electronics,419.27,10,6,UPI,No
O01172,C0268,2025-07-21,Home,4801.95,15,4,COD,Yes
O01173,C0268,2025-01-12,Beauty,1790.33,5,2,UPI,No
O01174,C0269,2025-02-04,Electronics,3475.4,5,2,Card,Yes
O01175,C0269,2025-02-13,Books,4968.4,5,6,COD,No
O01176,C0269,2025-09-05,Electronics,3192.66,15,7,Card,Yes
O01177,C0270,2025-02-16,Home,4062.69,20,3,UPI,No
O01178,C0270,2025-02-13,Home,2383.08,5,3,UPI,No
O01179,C0270,2025-11-16,Fashion,1896.17,15,2,COD,No
O01180,C0270,2025-07-29,Fashion,3863.1,0,8,Wallet,Yes
O01181,C0270,2025-11-16,Books,4323.22,20,7,Card,No
O01182,C0270,2025-11-19,Home,2659.9,0,6,Wallet,No
O01183,C0270,2025-08-05,Beauty,4411.56,0,1,Card,Yes
O01184,C0270,2025-04-16,Books,4294.69,5,5,Wallet,Yes
O01185,C0271,2025-08-17,Electronics,3283.93,0,8,Card,Yes
O01186,C0271,2025-06-05,Books,3887.44,10,4,UPI,No
O01187,C0271,2025-04-10,Fashion,4982.9,15,8,UPI,No
O01188,C0271,2025-08-03,Books,383.76,5,3,Card,No
O01189,C0271,2024-05-27,Electronics,4941.49,10,7,Wallet,No
O01190,C0271,2024-11-29,Books,459.57,10,1,COD,Yes
O01191,C0271,2024-07-19,Books,880.34,0,5,COD,No
O01192,C0271,2025-06-28,Fashion,2718.93,0,5,UPI,No
O01193,C0272,2025-10-24,Books,2770.43,10,3,Wallet,Yes
O01194,C0272,2025-01-14,Home,573.48,10,3,UPI,Yes
O01195,C0272,2025-10-07,Home,4682.33,0,8,Wallet,No
O01196,C0272,2025-12-10,Fashion,3666.97,15,8,UPI,Yes
O01197,C0272,2025-02-03,Books,3779.4,20,4,Card,No
O01198,C0272,2025-02-01,Beauty,1870.81,0,4,COD,No
O01199,C0272,2024-07-11,Beauty,1649.33,0,5,Wallet,No
O01200,C0272,2025-08-22,Beauty,2169.86,15,6,COD,Yes
O01201,C0273,2026-07-10,Home,2031.5,20,7,UPI,Yes
O01202,C0273,2025-08-04,Beauty,630.26,15,1,UPI,No
O01203,C0273,2025-07-31,Home,3240.92,15,1,Card,Yes
O01204,C0274,2025-06-09,Books,1882.95,15,8,UPI,No
O01205,C0274,2025-09-19,Home,2636.29,10,5,Wallet,Yes
O01206,C0274,2025-02-06,Electronics,4520.9,0,7,UPI,Yes
O01207,C0274,2026-02-20,Home,4235.69,5,6,Wallet,Yes
O01208,C0274,2026-03-09,Electronics,1124.77,20,7,Wallet,Yes
O01209,C0274,2026-03-08,Books,4891.31,10,3,Card,No
O01210,C0274,2025-09-26,Beauty,677.97,0,3,Wallet,No
O01211,C0274,2025-07-14,Electronics,4753.76,0,4,UPI,No
O01212,C0275,2025-02-01,Books,321.39,10,3,Card,Yes
O01213,C0275,2024-08-21,Books,1625.23,10,4,UPI,No
O01214,C0276,2024-06-17,Home,713.97,5,5,UPI,Yes
O01215,C0276,2025-07-03,Books,4254.19,0,4,Wallet,Yes
O01216,C0276,2025-04-11,Fashion,553.16,15,2,Wallet,No
O01217,C0276,2025-05-19,Home,4081.04,0,3,Card,Yes
O01218,C0276,2024-06-12,Books,4884.4,20,6,UPI,Yes
O01219,C0276,2025-07-31,Fashion,3760.14,20,2,UPI,Yes
O01220,C0276,2025-07-27,Fashion,2656.37,10,3,UPI,Yes
O01221,C0276,2024-03-14,Electronics,1772.19,5,4,COD,No
O01222,C0277,2025-12-26,Books,3776.93,20,8,Wallet,Yes
O01223,C0277,2025-05-18,Books,1030.21,0,5,COD,Yes
O01224,C0277,2025-04-02,Books,4778.06,15,8,Wallet,No
O01225,C0277,2025-07-27,Books,3189.97,5,7,COD,No
O01226,C0277,2024-11-08,Beauty,2357.14,10,1,Wallet,No
O01227,C0278,2025-03-03,Books,1063.54,5,6,COD,Yes
O01228,C0279,2024-06-12,Home,246.24,5,1,Wallet,No
O01229,C0279,2024-10-03,Home,2895.87,20,7,Card,Yes
O01230,C0279,2024-05-23,Beauty,2892.6,15,2,Wallet,No
O01231,C0279,2024-12-31,Books,1151.12,15,1,UPI,No
O01232,C0279,2025-04-14,Fashion,772.44,20,8,COD,No
O01233,C0279,2024-10-07,Electronics,2966.79,20,5,UPI,No
O01234,C0280,2025-05-06,Books,3294.92,0,2,Wallet,No
O01235,C0281,2025-10-08,Home,3139.14,15,7,Wallet,Yes
O01236,C0281,2025-06-07,Electronics,4700.98,5,2,UPI,Yes
O01237,C0281,2024-10-10,Books,704.65,5,6,Card,Yes
O01238,C0281,2024-12-02,Beauty,3675.72,0,6,UPI,No
O01239,C0281,2024-07-04,Electronics,731.86,10,5,COD,No
O01240,C0281,2025-02-21,Beauty,3553.59,15,3,UPI,Yes
O01241,C0282,2024-10-16,Beauty,2704.47,15,4,Wallet,No
O01242,C0282,2025-05-08,Fashion,3908.69,0,8,COD,No
O01243,C0282,2024-09-05,Fashion,1894.45,0,4,UPI,No
O01244,C0282,2024-08-13,Books,1219.88,15,4,Card,No
O01245,C0282,2024-09-28,Home,1834.16,15,6,Card,Yes
O01246,C0282,2024-10-24,Books,1250.17,15,6,Card,No
O01247,C0282,2024-12-22,Fashion,529.47,10,7,UPI,Yes
O01248,C0282,2025-09-28,Fashion,4405.74,0,2,Wallet,Yes
O01249,C0283,2024-09-15,Home,4649.25,15,2,Card,Yes
O01250,C0283,2025-06-27,Electronics,2610.51,15,6,COD,No
O01251,C0283,2024-08-25,Books,435.85,5,7,COD,Yes
O01252,C0283,2025-07-03,Beauty,1047.9,20,5,Wallet,No
O01253,C0283,2024-09-05,Electronics,3469.57,5,4,UPI,Yes
O01254,C0284,2026-01-11,Books,1287.03,15,7,UPI,Yes
O01255,C0284,2026-01-03,Fashion,2576.82,10,3,COD,No
O01256,C0285,2025-09-12,Fashion,1017.12,5,2,COD,No
O01257,C0285,2025-06-05,Books,4818.77,10,8,UPI,Yes
O01258,C0285,2025-10-08,Electronics,4430.04,20,3,COD,No
O01259,C0285,2025-01-12,Books,2543.88,0,4,UPI,Yes
O01260,C0285,2025-11-04,Fashion,4209.72,0,3,UPI,No
O01261,C0286,2026-06-29,Electronics,1416.98,10,8,COD,No
O01262,C0286,2026-07-31,Electronics,3917.73,10,8,UPI,Yes
O01263,C0286,2026-04-12,Home,4310.07,15,3,UPI,Yes
O01264,C0286,2026-05-03,Fashion,1925.22,15,2,UPI,No
O01265,C0286,2026-05-22,Home,4939.19,10,3,COD,No
O01266,C0287,2024-12-10,Beauty,2981.68,0,6,Wallet,No
O01267,C0287,2025-10-19,Books,1584.36,5,1,Wallet,Yes
O01268,C0287,2026-04-17,Home,4840.02,15,3,COD,Yes
O01269,C0287,2025-08-26,Fashion,274.84,10,1,UPI,Yes
O01270,C0288,2024-10-29,Home,1406.88,20,6,Card,Yes
O01271,C0289,2025-10-25,Home,1250.52,5,8,Wallet,No
O01272,C0289,2026-02-13,Home,4841.15,10,2,COD,Yes
O01273,C0290,2025-05-08,Beauty,1400.1,5,7,COD,No
O01274,C0290,2025-01-11,Beauty,1627.2,5,8,Wallet,No
O01275,C0290,2025-01-22,Home,865.33,20,8,COD,No
O01276,C0291,2024-07-28,Electronics,4795.96,5,7,COD,Yes
O01277,C0292,2025-03-02,Books,2134.12,20,1,Wallet,Yes
O01278,C0292,2025-01-19,Home,462.53,20,2,UPI,No
O01279,C0292,2026-03-02,Electronics,3514.85,20,1,UPI,Yes
O01280,C0292,2026-04-06,Fashion,891.93,5,8,Card,No
O01281,C0292,2025-09-08,Books,3651.88,20,1,Card,Yes
O01282,C0292,2025-01-01,Beauty,200.17,0,2,Card,Yes
O01283,C0292,2025-02-08,Books,2473.96,0,8,UPI,No
O01284,C0293,2025-10-19,Books,4324.71,5,2,UPI,Yes
O01285,C0293,2024-12-19,Fashion,4129.04,20,4,Card,No
O01286,C0293,2025-11-30,Beauty,1592.17,15,2,COD,No
O01287,C0293,2025-08-31,Books,2051.94,15,2,Wallet,Yes
O01288,C0293,2024-08-24,Beauty,1560.43,15,2,UPI,No
O01289,C0294,2024-06-09,Home,2445.95,0,8,Card,No
O01290,C0294,2025-06-14,Home,4308.03,20,4,Wallet,Yes
O01291,C0294,2024-07-15,Beauty,3348.41,10,6,Wallet,Yes
O01292,C0294,2024-10-30,Books,3967.81,0,5,Wallet,No
O01293,C0294,2025-05-16,Beauty,3108.04,20,3,COD,Yes
O01294,C0294,2024-12-15,Beauty,3026.49,20,6,Wallet,Yes
O01295,C0295,2024-05-12,Home,2597.28,5,8,Card,Yes
O01296,C0295,2024-07-21,Books,3695.18,0,7,UPI,No
O01297,C0296,2024-03-30,Electronics,4633.04,15,6,Wallet,Yes
O01298,C0296,2024-09-20,Books,1139.45,10,8,Card,Yes
O01299,C0296,2024-08-12,Electronics,2283.5,20,4,UPI,Yes
O01300,C0296,2024-09-24,Electronics,359.55,10,3,Wallet,Yes
O01301,C0296,2025-02-11,Fashion,1089.46,5,8,Wallet,No
O01302,C0296,2025-02-28,Electronics,3168.7,15,3,Wallet,No
O01303,C0297,2025-07-05,Electronics,766.05,20,4,COD,Yes
O01304,C0297,2025-11-08,Home,4142.37,15,5,COD,Yes
O01305,C0297,2025-09-01,Beauty,4846.95,20,2,Card,No
O01306,C0297,2026-05-06,Beauty,3169.5,15,2,COD,Yes
O01307,C0297,2025-04-26,Fashion,1822.62,10,5,UPI,Yes
O01308,C0298,2024-12-12,Home,2569.06,0,1,Wallet,Yes
O01309,C0299,2025-07-15,Home,370.88,15,4,Wallet,No
O01310,C0300,2026-08-06,Electronics,3119.07,20,7,Wallet,Yes
O01311,C0300,2026-03-08,Books,3875.27,15,3,Card,Yes
O01312,C0300,2026-04-29,Home,766.36,5,6,COD,No
O01313,C0300,2025-04-05,Beauty,1343.22,0,2,Card,No
O01314,C0301,2025-03-17,Books,567.74,5,3,COD,Yes
O01315,C0301,2025-12-05,Home,1878.4,5,4,Wallet,No
O01316,C0301,2025-05-23,Home,3351.63,20,2,Card,No
O01317,C0301,2026-01-18,Books,4508.67,10,4,COD,No
O01318,C0302,2025-05-15,Beauty,1863.85,15,7,COD,Yes
O01319,C0302,2025-10-15,Home,4577.84,20,4,Card,Yes
O01320,C0303,2025-10-17,Books,4774.62,0,1,COD,No
O01321,C0303,2025-08-07,Electronics,1641.98,10,2,Wallet,No
O01322,C0303,2024-07-29,Books,4341.31,0,7,Card,Yes
O01323,C0303,2025-08-02,Beauty,1085.25,0,7,COD,Yes
O01324,C0303,2025-07-01,Home,4698.67,20,6,Card,Yes
O01325,C0303,2025-06-24,Books,3683.77,0,7,UPI,No
O01326,C0303,2025-04-30,Books,4320.87,20,8,COD,Yes
O01327,C0303,2025-08-04,Fashion,2443.2,0,4,COD,No
O01328,C0304,2024-03-24,Home,3154.63,10,6,UPI,Yes
O01329,C0304,2024-12-24,Home,2928.52,5,6,Wallet,No
O01330,C0304,2024-03-02,Electronics,2311.56,10,8,Wallet,Yes
O01331,C0304,2025-04-07,Home,481.21,20,2,COD,Yes
O01332,C0304,2025-05-10,Home,1063.06,15,5,Card,Yes
O01333,C0304,2024-08-10,Fashion,905.13,0,1,UPI,Yes
O01334,C0304,2025-07-16,Electronics,4330.74,20,6,Card,Yes
O01335,C0305,2025-06-17,Electronics,3082.78,0,6,Wallet,Yes
O01336,C0305,2026-10-08,Home,571.76,20,4,COD,No
O01337,C0305,2025-07-15,Fashion,3281.06,0,5,COD,No
O01338,C0305,2026-04-11,Books,4880.47,10,6,UPI,Yes
O01339,C0305,2026-05-15,Beauty,414.13,0,3,UPI,Yes
O01340,C0305,2026-03-19,Fashion,2651.82,15,6,UPI,Yes
O01341,C0306,2024-11-16,Beauty,4268.46,15,1,Wallet,No
O01342,C0306,2025-04-16,Fashion,1136.11,10,5,Card,No
O01343,C0306,2025-03-08,Fashion,2387.94,15,2,Wallet,No
O01344,C0306,2024-10-04,Home,1889.53,15,2,Card,No
O01345,C0306,2025-09-16,Beauty,1302.86,5,3,Wallet,Yes
O01346,C0306,2025-04-07,Home,4020.11,0,6,UPI,No
O01347,C0306,2025-09-19,Beauty,2624.12,15,3,Card,Yes
O01348,C0307,2026-07-19,Electronics,3765.7,15,3,UPI,Yes
O01349,C0307,2025-06-07,Books,835.41,10,7,Card,No
O01350,C0307,2025-11-27,Home,3617.52,10,2,UPI,Yes
O01351,C0307,2025-06-08,Books,3745.99,15,6,Wallet,No
O01352,C0307,2026-01-15,Fashion,3836.77,20,3,UPI,Yes
O01353,C0308,2026-04-27,Beauty,1738.1,20,3,COD,Yes
O01354,C0308,2025-11-27,Electronics,1627.27,20,6,Wallet,No
O01355,C0308,2026-02-28,Fashion,2043.53,0,3,Card,No
O01356,C0308,2026-09-17,Electronics,1535.63,10,6,COD,Yes
O01357,C0308,2025-08-03,Books,1581.65,5,8,Card,No
O01358,C0308,2025-12-25,Fashion,4946.27,10,2,Card,Yes
O01359,C0308,2025-11-01,Electronics,2850.38,20,3,UPI,Yes
O01360,C0308,2025-04-10,Home,2544.16,5,1,COD,No
O01361,C0309,2025-05-12,Books,2333.14,10,7,UPI,Yes
O01362,C0309,2025-10-22,Home,3711.84,0,2,Card,Yes
O01363,C0310,2025-05-05,Books,4482.91,0,1,COD,Yes
O01364,C0310,2024-07-23,Fashion,4756.08,5,1,Wallet,Yes
O01365,C0311,2026-05-03,Electronics,1556.48,20,4,Card,Yes
O01366,C0311,2026-02-28,Fashion,522.85,0,4,Wallet,No
O01367,C0311,2026-01-04,Home,3228.93,15,4,Card,No
O01368,C0312,2026-03-07,Electronics,2808.38,5,5,UPI,No
O01369,C0312,2026-05-10,Fashion,4852.94,15,6,UPI,Yes
O01370,C0312,2026-06-25,Home,4790.31,15,2,Card,No
O01371,C0312,2026-07-20,Electronics,3085.08,10,4,COD,Yes
O01372,C0312,2026-04-29,Home,491.86,10,6,Wallet,No
O01373,C0312,2026-06-02,Electronics,2240.96,10,5,Wallet,Yes
O01374,C0312,2026-02-17,Home,3254.08,15,1,Wallet,Yes
O01375,C0313,2025-03-02,Electronics,3103.81,15,1,UPI,No
O01376,C0313,2025-10-17,Electronics,3880.84,20,2,Card,No
O01377,C0313,2026-04-22,Beauty,1152.51,15,3,Card,No
O01378,C0313,2025-04-04,Books,4571.14,5,6,Card,Yes
O01379,C0313,2024-11-26,Beauty,4258.31,15,2,Wallet,Yes
O01380,C0313,2025-03-30,Fashion,1558.83,5,1,UPI,No
O01381,C0314,2025-06-02,Electronics,4127.82,0,5,UPI,No
O01382,C0314,2025-02-08,Electronics,270.76,20,3,Wallet,Yes
O01383,C0314,2025-12-04,Beauty,3966.9,0,7,COD,No
O01384,C0314,2026-05-03,Beauty,1172.8,15,5,Wallet,No
O01385,C0314,2026-04-03,Beauty,646.7,10,7,Wallet,No
O01386,C0314,2026-07-19,Electronics,2631.65,15,7,Wallet,No
O01387,C0314,2025-05-09,Books,2370.9,5,1,Wallet,No
O01388,C0315,2024-11-26,Fashion,657.87,15,3,Card,Yes
O01389,C0315,2025-01-24,Beauty,2135.34,20,8,Card,Yes
O01390,C0315,2026-01-20,Home,1409.71,5,5,UPI,No
O01391,C0316,2026-05-03,Fashion,2818.83,10,6,Wallet,No
O01392,C0316,2026-05-29,Electronics,2863.07,15,2,UPI,No
O01393,C0316,2025-04-28,Beauty,3833.06,0,3,Card,Yes
O01394,C0316,2026-03-12,Electronics,4374.8,15,2,Wallet,Yes
O01395,C0317,2025-09-16,Home,764.4,20,5,COD,No
O01396,C0318,2025-10-31,Books,2693.02,15,5,Card,No
O01397,C0318,2025-03-03,Electronics,988.34,10,8,Wallet,Yes
O01398,C0318,2025-03-18,Home,2458.37,5,1,Card,Yes
O01399,C0318,2026-01-28,Beauty,1788.97,15,1,Card,Yes
O01400,C0319,2025-01-12,Beauty,1517.99,10,7,COD,No
O01401,C0320,2025-08-07,Fashion,3707.16,10,5,UPI,Yes
O01402,C0320,2026-10-10,Home,3019.12,20,7,COD,No
O01403,C0320,2025-11-24,Fashion,1006.88,0,4,Card,Yes
O01404,C0321,2024-08-13,Books,2656.19,15,8,COD,No
O01405,C0322,2026-01-12,Beauty,1903.96,0,6,Card,Yes
O01406,C0322,2025-06-25,Beauty,3614.47,15,7,Wallet,No
O01407,C0322,2025-01-15,Home,2877.94,5,7,UPI,No
O01408,C0322,2026-01-04,Books,3899.57,5,6,Card,No
O01409,C0322,2025-10-02,Fashion,1059.23,15,1,COD,Yes
O01410,C0322,2024-09-19,Electronics,3013.7,10,6,COD,Yes
O01411,C0322,2025-06-20,Books,360.94,15,5,UPI,No
O01412,C0323,2025-08-29,Beauty,2553.44,0,8,UPI,No
O01413,C0323,2024-06-19,Fashion,3142.02,5,3,UPI,No
O01414,C0323,2024-09-20,Home,469.03,0,1,COD,Yes
O01415,C0323,2024-06-07,Fashion,1796.79,20,6,COD,Yes
O01416,C0323,2025-07-07,Electronics,2198.62,5,1,Card,No
O01417,C0323,2024-08-14,Home,1028.41,20,1,Card,No
O01418,C0323,2024-11-14,Home,3249.44,10,1,COD,Yes
O01419,C0323,2025-05-05,Beauty,2438.01,15,2,UPI,Yes
O01420,C0324,2025-05-06,Fashion,3880.27,10,1,Wallet,Yes
O01421,C0324,2025-12-24,Fashion,1677.36,10,4,UPI,No
O01422,C0324,2026-02-03,Beauty,1054.42,10,3,Wallet,Yes
O01423,C0324,2025-10-25,Fashion,1509.44,10,4,COD,No
O01424,C0324,2026-01-11,Beauty,643.58,10,6,COD,No
O01425,C0324,2025-10-07,Fashion,376.31,20,7,Card,No
O01426,C0325,2025-11-24,Electronics,2847.73,20,5,Card,No
O01427,C0325,2025-02-05,Electronics,2444.9,20,1,Card,No
O01428,C0325,2024-11-17,Home,2442.78,20,6,Wallet,Yes
O01429,C0325,2025-05-23,Electronics,3566.18,5,6,Wallet,No
O01430,C0325,2025-06-04,Fashion,1816.02,10,2,COD,Yes
O01431,C0325,2025-10-18,Books,2824.53,20,1,Wallet,No
O01432,C0326,2025-12-21,Home,2516.28,0,7,Card,Yes
O01433,C0326,2026-03-17,Beauty,2244.29,15,5,UPI,Yes
O01434,C0326,2026-06-18,Beauty,998.65,20,5,Card,Yes
O01435,C0326,2025-05-23,Electronics,3384.35,10,1,Card,No
O01436,C0326,2026-04-24,Electronics,2100.77,5,8,Card,Yes
O01437,C0326,2025-11-14,Fashion,1676.13,5,3,Wallet,Yes
O01438,C0327,2025-06-18,Beauty,1854.62,15,8,Card,No
O01439,C0327,2026-01-26,Electronics,4190.47,15,4,Card,No
O01440,C0327,2025-05-22,Home,2119.44,15,6,Wallet,Yes
O01441,C0327,2025-12-27,Fashion,2543.88,20,1,Card,Yes
O01442,C0327,2026-01-18,Beauty,1938.95,20,1,Wallet,Yes
O01443,C0327,2025-08-29,Electronics,862.78,5,4,COD,No
O01444,C0327,2025-04-11,Books,1830.02,5,3,COD,No
O01445,C0327,2026-02-06,Electronics,3441.31,10,8,Wallet,Yes
O01446,C0328,2025-03-14,Books,3493.11,0,2,Card,No
O01447,C0328,2024-08-03,Books,2958.47,0,7,Wallet,No
O01448,C0329,2025-11-09,Home,2609.9,20,8,COD,Yes
O01449,C0329,2025-02-04,Electronics,4907.53,5,7,UPI,No
O01450,C0330,2026-08-19,Books,1552.23,15,2,COD,Yes
O01451,C0331,2026-01-29,Beauty,3880.8,10,1,Card,No
O01452,C0331,2026-04-01,Home,2201.89,10,8,UPI,Yes
O01453,C0331,2026-04-01,Fashion,3713.14,5,7,UPI,Yes
O01454,C0331,2025-08-08,Books,3688.58,10,8,COD,No
O01455,C0331,2025-12-06,Electronics,4610.12,0,8,COD,No
O01456,C0331,2025-05-10,Books,904.4,20,2,UPI,No
O01457,C0332,2025-10-25,Electronics,4761.72,15,5,UPI,Yes
O01458,C0333,2025-11-07,Books,2952.01,10,4,Card,No
O01459,C0334,2025-06-20,Electronics,224.25,15,4,Card,No
O01460,C0334,2025-06-14,Electronics,2419.72,5,6,Card,Yes
O01461,C0334,2025-08-12,Beauty,1261.08,15,5,Wallet,No
O01462,C0334,2025-10-17,Home,2482.89,10,1,COD,No
O01463,C0334,2025-12-13,Fashion,928.54,20,8,Card,No
O01464,C0335,2025-04-29,Home,598.84,10,6,COD,No
O01465,C0335,2025-09-01,Beauty,341.91,10,3,Wallet,No
O01466,C0335,2024-06-03,Beauty,3806.66,15,5,Card,No
O01467,C0335,2024-09-22,Electronics,2016.46,15,2,Card,Yes
O01468,C0335,2024-09-01,Fashion,2939.58,15,3,Wallet,No
O01469,C0335,2024-12-19,Home,2207.26,10,5,UPI,No
O01470,C0335,2025-10-07,Fashion,2771.01,15,7,Wallet,No
O01471,C0335,2025-02-28,Fashion,4165.46,5,8,Wallet,No
O01472,C0336,2024-04-12,Books,2040.1,15,7,Card,Yes
O01473,C0336,2024-08-19,Beauty,865.15,20,2,Wallet,Yes
O01474,C0336,2024-11-30,Beauty,3127.1,15,3,UPI,No
O01475,C0337,2024-06-26,Fashion,2397.29,15,4,Card,No
O01476,C0337,2024-05-27,Fashion,1606.31,20,1,Wallet,No
O01477,C0337,2024-09-19,Fashion,3481.62,5,8,Wallet,Yes
O01478,C0337,2024-12-17,Fashion,4386.01,15,3,UPI,Yes
O01479,C0338,2026-02-17,Home,537.75,20,7,UPI,Yes
O01480,C0338,2026-04-13,Home,2507.88,15,1,UPI,No
O01481,C0338,2026-03-04,Books,3639.8,0,8,UPI,Yes
O01482,C0338,2025-10-14,Fashion,3838.11,10,2,Wallet,No
O01483,C0338,2025-06-13,Fashion,4582.28,10,8,UPI,No
O01484,C0338,2025-04-04,Fashion,2399.56,10,8,COD,No
O01485,C0338,2026-04-19,Home,1787.17,20,8,COD,Yes
O01486,C0338,2025-06-11,Electronics,910.52,5,5,COD,No
O01487,C0339,2026-05-02,Fashion,3622.78,5,5,Card,No
O01488,C0339,2026-01-29,Electronics,1435.07,5,4,COD,Yes
O01489,C0339,2025-01-13,Books,1445.22,20,7,Card,No
O01490,C0339,2025-06-09,Beauty,3018.25,10,6,Wallet,No
O01491,C0339,2025-06-23,Fashion,4379.75,15,8,Wallet,Yes
O01492,C0340,2025-05-11,Fashion,1535.91,10,2,Wallet,No
O01493,C0340,2024-12-21,Fashion,4231.89,10,4,UPI,No
O01494,C0340,2025-03-20,Home,4769.74,20,2,UPI,Yes
O01495,C0340,2026-03-11,Fashion,2920.17,10,4,Card,Yes
O01496,C0341,2024-07-29,Fashion,3766.93,20,2,COD,Yes
O01497,C0341,2024-11-25,Books,1292.41,0,8,UPI,No
O01498,C0341,2024-07-10,Books,1142.84,0,2,Wallet,Yes
O01499,C0341,2024-08-07,Beauty,2803.37,15,4,COD,Yes
O01500,C0341,2025-07-11,Books,4333.47,5,2,Wallet,Yes
O01501,C0342,2025-04-10,Home,2635.01,10,5,Card,No
O01502,C0342,2025-02-14,Books,3453.64,0,5,Card,No
O01503,C0342,2024-05-15,Books,1732.2,5,8,Card,Yes
O01504,C0343,2025-07-31,Fashion,1129.26,5,2,COD,No
O01505,C0343,2025-12-18,Electronics,3878.82,10,8,Card,Yes
O01506,C0343,2025-12-22,Fashion,950.66,5,7,Card,No
O01507,C0343,2026-07-07,Home,4909.54,5,7,COD,No
O01508,C0343,2025-12-01,Home,1979.8,10,5,COD,No
O01509,C0343,2025-12-06,Books,2241.43,0,7,Wallet,Yes
O01510,C0344,2025-05-30,Fashion,4128.96,10,4,COD,No
O01511,C0344,2025-06-04,Home,1744.86,20,7,Card,Yes
O01512,C0344,2026-10-08,Electronics,2312.5,0,5,Card,Yes
O01513,C0344,2026-04-09,Electronics,3669.68,15,8,Wallet,Yes
O01514,C0344,2026-02-21,Electronics,4937.26,0,7,UPI,No
O01515,C0345,2024-10-06,Home,4428.08,15,2,Card,Yes
O01516,C0345,2025-03-24,Books,2955.62,5,2,COD,No
O01517,C0345,2025-11-16,Fashion,4123.09,0,1,COD,No
O01518,C0345,2025-08-21,Fashion,3786.91,10,4,Wallet,Yes
O01519,C0345,2025-09-05,Home,1938.58,10,4,UPI,Yes
O01520,C0345,2024-09-21,Books,3282.75,15,7,UPI,Yes
O01521,C0345,2025-10-28,Electronics,1992.68,20,7,COD,No
O01522,C0345,2025-03-07,Electronics,2959.11,20,2,UPI,Yes
O01523,C0346,2025-04-13,Home,3809.16,15,7,Wallet,Yes
O01524,C0346,2025-09-03,Books,550.52,20,6,Wallet,Yes
O01525,C0346,2025-11-15,Beauty,2958.74,15,1,UPI,Yes
O01526,C0346,2025-05-18,Home,1747.44,5,3,COD,No
O01527,C0346,2025-04-23,Beauty,3895.65,5,6,Card,Yes
O01528,C0346,2025-04-29,Electronics,1680.71,20,2,UPI,Yes
O01529,C0346,2025-09-21,Home,4782.37,5,6,Card,Yes
O01530,C0346,2025-08-06,Fashion,983.79,5,5,COD,Yes
O01531,C0347,2024-10-11,Books,2026.0,15,8,Card,Yes
O01532,C0347,2025-04-05,Electronics,3033.04,5,2,UPI,Yes
O01533,C0347,2024-10-12,Beauty,777.72,10,8,COD,No
O01534,C0347,2024-09-23,Beauty,1209.57,10,2,Wallet,No
O01535,C0347,2025-08-14,Electronics,737.56,0,8,Wallet,No
O01536,C0347,2025-04-25,Home,4815.53,10,2,COD,Yes
O01537,C0347,2025-05-30,Fashion,4740.51,0,5,Wallet,No
O01538,C0347,2024-03-28,Home,4766.28,0,5,Card,Yes
O01539,C0348,2024-05-10,Home,493.67,10,4,Wallet,Yes
O01540,C0348,2025-06-04,Fashion,1027.62,10,3,UPI,Yes
O01541,C0348,2024-05-01,Books,2588.27,10,5,COD,No
O01542,C0348,2024-04-30,Electronics,3959.69,15,6,UPI,Yes
O01543,C0348,2025-05-23,Beauty,423.2,20,7,Card,Yes
O01544,C0348,2024-07-12,Electronics,271.7,15,4,UPI,Yes
O01545,C0348,2025-08-01,Beauty,2429.28,15,7,Card,Yes
O01546,C0348,2025-02-13,Fashion,2485.97,10,5,COD,Yes
O01547,C0349,2026-02-11,Fashion,823.08,0,3,UPI,No
O01548,C0349,2025-06-18,Fashion,4457.21,5,2,COD,Yes
O01549,C0349,2025-07-07,Beauty,1777.4,20,8,COD,Yes
O01550,C0349,2025-08-03,Beauty,2225.7,0,3,Wallet,Yes
O01551,C0350,2025-10-12,Electronics,977.05,20,6,Wallet,No
O01552,C0351,2026-06-23,Electronics,3182.3,10,8,COD,No
O01553,C0351,2025-09-22,Beauty,1425.37,15,8,UPI,No
O01554,C0351,2026-08-29,Books,1461.74,0,6,Card,Yes
O01555,C0351,2025-11-03,Electronics,4880.42,20,2,COD,Yes
O01556,C0352,2026-08-22,Fashion,1076.54,5,4,UPI,Yes
O01557,C0352,2026-03-21,Beauty,2722.76,20,3,UPI,No
O01558,C0353,2025-01-14,Fashion,3465.91,20,4,Wallet,Yes
O01559,C0353,2025-07-16,Home,434.78,15,7,Wallet,No
O01560,C0353,2026-01-26,Electronics,1745.22,0,5,COD,No
O01561,C0354,2024-09-07,Fashion,890.2,15,3,Card,No
O01562,C0354,2025-05-22,Home,3038.8,0,4,Card,No
O01563,C0354,2024-09-07,Beauty,4484.66,5,2,Card,No
O01564,C0354,2024-09-09,Electronics,3426.74,0,6,COD,Yes
O01565,C0354,2025-08-12,Home,1314.47,0,8,Wallet,Yes
O01566,C0354,2024-06-28,Home,4425.09,0,6,Wallet,No
O01567,C0354,2024-08-10,Beauty,3209.11,5,7,Wallet,No
O01568,C0355,2025-07-12,Home,2224.04,10,2,COD,No
O01569,C0355,2025-06-29,Home,3401.5,0,5,UPI,Yes
O01570,C0355,2025-09-05,Fashion,1365.17,20,8,Wallet,No
O01571,C0355,2024-08-10,Beauty,4987.05,20,8,Wallet,No
O01572,C0355,2024-06-08,Beauty,3087.98,0,2,UPI,Yes
O01573,C0355,2025-04-30,Books,2984.59,0,7,COD,No
O01574,C0355,2025-08-10,Books,2952.06,15,1,UPI,Yes
O01575,C0355,2024-10-28,Electronics,315.89,10,6,Wallet,Yes
O01576,C0356,2026-01-04,Home,4873.18,15,4,UPI,No
O01577,C0356,2026-04-23,Fashion,3555.7,5,5,COD,No
O01578,C0356,2025-12-31,Books,3948.65,0,3,COD,No
O01579,C0356,2025-08-30,Electronics,1719.36,0,5,Wallet,No
O01580,C0356,2026-06-02,Fashion,3269.48,10,7,Wallet,No
O01581,C0356,2025-12-20,Fashion,4068.31,5,6,COD,Yes
O01582,C0357,2025-04-10,Fashion,3168.66,0,2,UPI,No
O01583,C0357,2024-11-23,Beauty,899.67,10,6,Wallet,Yes
O01584,C0357,2025-03-28,Beauty,697.4,20,5,UPI,No
O01585,C0358,2025-01-31,Fashion,326.52,5,4,Card,No
O01586,C0358,2024-12-03,Fashion,897.81,0,5,Wallet,No
O01587,C0358,2025-06-24,Books,2870.35,5,4,Wallet,No
O01588,C0359,2026-02-01,Home,1949.67,20,4,COD,Yes
O01589,C0359,2025-06-04,Beauty,1743.98,20,4,Card,Yes
O01590,C0359,2026-06-21,Electronics,3600.1,20,6,Card,No
O01591,C0359,2025-09-04,Books,2433.37,20,1,Wallet,No
O01592,C0359,2026-04-09,Electronics,510.36,20,3,Wallet,Yes
O01593,C0359,2026-01-08,Electronics,2487.81,10,3,UPI,No
O01594,C0359,2025-10-03,Beauty,4747.29,15,1,Wallet,Yes
O01595,C0360,2025-06-25,Fashion,1316.31,20,7,COD,Yes
O01596,C0360,2024-09-14,Beauty,3618.15,0,6,UPI,Yes
O01597,C0360,2026-01-15,Fashion,2185.81,5,3,Card,Yes
O01598,C0360,2024-08-21,Electronics,3317.15,10,8,UPI,Yes
O01599,C0360,2025-09-08,Books,2955.21,15,7,Wallet,Yes
O01600,C0361,2026-05-24,Electronics,4419.51,5,8,COD,No
O01601,C0361,2025-10-01,Home,1287.87,15,2,UPI,No
O01602,C0361,2025-03-30,Beauty,4420.65,0,1,COD,Yes
O01603,C0362,2025-04-25,Electronics,1670.07,5,6,Card,No
O01604,C0362,2024-09-30,Electronics,2769.03,5,6,COD,Yes
O01605,C0362,2025-06-22,Beauty,3590.56,5,3,Wallet,Yes
O01606,C0362,2024-05-06,Home,4689.41,10,2,UPI,No
O01607,C0362,2024-09-28,Electronics,3032.51,15,3,Card,Yes
O01608,C0362,2025-03-08,Books,4701.53,0,7,UPI,No
O01609,C0363,2024-06-18,Beauty,1919.94,0,8,UPI,No
O01610,C0363,2025-10-28,Beauty,2902.38,5,7,COD,No
O01611,C0363,2024-09-22,Home,2349.94,15,4,Wallet,No
O01612,C0363,2025-05-28,Books,595.47,0,1,COD,No
O01613,C0363,2025-06-09,Electronics,1668.31,20,5,UPI,Yes
O01614,C0363,2024-08-06,Home,1674.18,0,3,UPI,Yes
O01615,C0363,2025-03-13,Beauty,2047.53,0,6,Wallet,Yes
O01616,C0364,2025-12-30,Home,4759.83,0,4,Card,No
O01617,C0364,2025-04-17,Electronics,2941.5,15,1,Card,Yes
O01618,C0365,2025-10-17,Home,4938.01,15,4,UPI,Yes
O01619,C0365,2025-09-11,Books,3074.01,20,5,COD,Yes
O01620,C0365,2026-01-23,Books,2164.18,15,1,Wallet,No
O01621,C0365,2025-10-30,Home,4120.28,20,8,UPI,No
O01622,C0365,2025-05-31,Fashion,3540.81,5,8,UPI,Yes
O01623,C0365,2025-08-15,Electronics,962.83,5,8,COD,Yes
O01624,C0366,2026-02-14,Electronics,4306.44,0,5,Wallet,Yes
O01625,C0366,2025-07-26,Fashion,2862.8,5,8,UPI,No
O01626,C0366,2026-09-01,Electronics,724.85,15,4,Card,Yes
O01627,C0366,2025-07-07,Books,1360.41,5,6,Wallet,Yes
O01628,C0366,2026-09-26,Fashion,3880.59,10,4,UPI,Yes
O01629,C0367,2026-08-17,Books,1163.12,15,1,Card,No
O01630,C0367,2026-09-30,Fashion,505.52,10,3,Wallet,Yes
O01631,C0367,2026-07-26,Beauty,533.04,20,4,COD,Yes
O01632,C0367,2025-09-24,Electronics,2826.19,0,6,UPI,No
O01633,C0367,2026-10-13,Home,2764.51,10,3,UPI,Yes
O01634,C0367,2025-08-15,Books,3484.72,0,1,UPI,No
O01635,C0368,2025-04-14,Beauty,295.01,15,8,COD,No
O01636,C0369,2025-12-22,Books,4613.25,20,3,COD,Yes
O01637,C0369,2025-01-13,Books,1576.94,10,3,Card,No
O01638,C0369,2024-09-09,Fashion,2272.34,0,5,Wallet,No
O01639,C0369,2025-04-08,Home,4939.95,5,3,Wallet,No
O01640,C0369,2025-10-20,Books,2410.79,15,8,Wallet,No
O01641,C0369,2025-07-30,Fashion,1764.85,20,7,Card,Yes
O01642,C0369,2025-03-29,Beauty,3620.43,10,4,Wallet,No
O01643,C0369,2025-09-06,Books,3291.2,5,4,Wallet,Yes
O01644,C0370,2025-05-15,Books,1820.88,20,3,Wallet,Yes
O01645,C0370,2026-01-01,Books,314.41,20,4,Card,No
O01646,C0370,2025-03-13,Fashion,3277.94,15,4,COD,No
O01647,C0370,2025-06-13,Books,4366.54,10,3,UPI,Yes
O01648,C0371,2025-05-10,Fashion,1703.81,5,6,Card,No
O01649,C0371,2025-04-15,Beauty,1942.11,15,6,Wallet,No
O01650,C0371,2025-08-05,Beauty,1590.76,5,2,Card,Yes
O01651,C0371,2026-04-08,Fashion,768.51,20,7,Wallet,No
O01652,C0371,2025-10-20,Books,4885.4,0,3,UPI,Yes
O01653,C0371,2026-03-04,Fashion,2469.5,0,8,COD,No
O01654,C0372,2025-10-09,Electronics,4941.51,5,6,Card,No
O01655,C0372,2025-12-04,Fashion,4600.47,10,2,COD,Yes
O01656,C0372,2025-10-25,Electronics,3093.5,20,8,Wallet,Yes
O01657,C0372,2025-11-04,Beauty,4286.01,10,4,UPI,No
O01658,C0372,2025-09-18,Fashion,4547.92,10,1,COD,No
O01659,C0372,2026-01-13,Books,1820.09,0,5,COD,Yes
O01660,C0373,2024-09-28,Books,4541.77,0,7,COD,No
O01661,C0373,2025-02-14,Books,1960.61,10,7,Card,No
O01662,C0373,2024-11-30,Home,2851.44,10,8,UPI,No
O01663,C0373,2024-06-02,Beauty,4066.28,0,6,UPI,Yes
O01664,C0373,2024-06-25,Home,1366.21,0,3,Card,Yes
O01665,C0373,2024-06-05,Electronics,4345.71,10,1,UPI,Yes
O01666,C0373,2025-06-22,Electronics,3228.81,20,6,UPI,Yes
O01667,C0374,2025-03-30,Fashion,218.44,0,4,UPI,No
O01668,C0374,2025-11-20,Books,3202.17,5,4,Wallet,Yes
O01669,C0375,2026-01-30,Fashion,230.3,10,3,Card,Yes
O01670,C0375,2025-01-02,Fashion,3573.77,5,2,COD,Yes
O01671,C0375,2025-02-11,Beauty,2094.41,15,5,COD,Yes
O01672,C0376,2025-04-21,Electronics,1550.96,0,3,UPI,No
O01673,C0377,2024-07-08,Home,4890.4,20,2,COD,Yes
O01674,C0377,2025-03-21,Books,3690.31,10,6,Wallet,No
O01675,C0377,2025-11-19,Home,1641.19,20,8,Card,Yes
O01676,C0377,2024-12-17,Books,404.96,15,6,Wallet,No
O01677,C0377,2025-08-12,Books,2425.39,5,8,Card,No
O01678,C0377,2025-08-29,Home,4758.24,15,3,Card,No
O01679,C0377,2025-07-05,Fashion,266.96,20,3,Card,Yes
O01680,C0377,2024-10-01,Fashion,278.67,10,8,COD,Yes
O01681,C0378,2024-09-02,Books,1111.74,15,8,Card,No
O01682,C0378,2024-03-14,Electronics,1896.17,10,2,Wallet,No
O01683,C0378,2024-06-05,Fashion,1328.73,15,8,Wallet,Yes
O01684,C0378,2024-11-23,Home,3231.24,20,6,Wallet,Yes
O01685,C0378,2024-05-24,Home,2742.26,5,6,COD,No
O01686,C0379,2025-01-02,Books,3503.75,10,6,COD,No
O01687,C0379,2024-08-20,Beauty,4528.91,5,6,Card,Yes
O01688,C0379,2025-06-17,Home,2903.83,20,1,UPI,No
O01689,C0379,2024-07-03,Beauty,3193.31,15,2,Wallet,No
O01690,C0380,2025-02-11,Books,4269.31,5,1,Card,Yes
O01691,C0380,2025-01-05,Beauty,1909.61,5,8,COD,No
O01692,C0380,2025-06-15,Fashion,4929.37,20,4,UPI,No
O01693,C0381,2025-09-22,Electronics,3995.4,10,7,COD,Yes
O01694,C0381,2025-06-07,Books,1621.3,0,1,COD,No
O01695,C0381,2025-06-11,Beauty,2344.09,5,7,Wallet,No
O01696,C0381,2025-05-01,Home,4697.13,5,8,Wallet,No
O01697,C0381,2025-06-26,Electronics,3015.11,0,6,UPI,No
O01698,C0382,2024-11-05,Books,3218.67,5,6,COD,Yes
O01699,C0382,2025-07-26,Beauty,1755.27,0,1,Card,No
O01700,C0382,2024-12-14,Fashion,4649.35,0,3,Card,Yes
O01701,C0382,2025-01-12,Home,3822.37,0,6,Wallet,No
O01702,C0382,2024-12-20,Beauty,2563.79,15,1,Wallet,Yes
O01703,C0382,2025-01-09,Fashion,4108.95,0,8,COD,Yes
O01704,C0382,2025-06-12,Electronics,471.27,5,1,Wallet,Yes
O01705,C0383,2024-12-18,Electronics,2060.12,20,7,COD,No
O01706,C0383,2024-02-16,Beauty,3414.28,0,7,UPI,Yes
O01707,C0383,2024-02-28,Electronics,1202.42,10,8,UPI,No
O01708,C0383,2025-06-27,Books,4513.18,5,3,Card,Yes
O01709,C0383,2024-11-06,Beauty,1475.1,15,6,Card,Yes
O01710,C0383,2024-10-11,Home,1805.53,15,6,UPI,No
O01711,C0384,2024-12-13,Fashion,399.97,5,2,COD,Yes
O01712,C0384,2025-06-26,Fashion,1932.5,20,1,COD,Yes
O01713,C0384,2026-01-25,Fashion,314.3,5,1,COD,Yes
O01714,C0385,2026-01-29,Fashion,2504.84,0,5,UPI,Yes
O01715,C0385,2024-10-14,Home,3172.53,0,1,COD,No
O01716,C0385,2025-10-08,Electronics,3697.99,0,3,COD,Yes
O01717,C0386,2026-01-28,Electronics,3337.4,0,5,COD,Yes
O01718,C0386,2025-08-23,Electronics,2393.25,0,4,Wallet,Yes
O01719,C0386,2024-12-11,Books,740.42,20,4,COD,No
O01720,C0386,2024-12-20,Electronics,3573.81,5,8,Card,Yes
O01721,C0386,2026-01-08,Electronics,3454.49,15,1,Wallet,No
O01722,C0387,2025-05-14,Fashion,3607.53,10,8,UPI,No
O01723,C0387,2025-02-08,Electronics,1327.13,0,8,Wallet,No
O01724,C0388,2025-05-11,Books,3070.64,20,8,Card,No
O01725,C0388,2026-02-25,Home,3685.75,10,3,Wallet,Yes
O01726,C0388,2026-03-28,Home,1986.13,5,6,Wallet,No
O01727,C0388,2026-02-13,Beauty,4814.65,10,2,Card,No
O01728,C0388,2026-02-12,Beauty,3298.23,5,8,UPI,No
O01729,C0388,2026-07-13,Beauty,4607.83,10,3,Card,Yes
O01730,C0389,2025-09-07,Beauty,4954.42,0,1,UPI,No
O01731,C0389,2025-10-31,Books,3750.61,0,6,COD,No
O01732,C0389,2026-06-24,Fashion,2710.98,20,7,COD,No
O01733,C0389,2025-09-01,Fashion,1283.91,5,8,UPI,Yes
O01734,C0389,2026-10-05,Home,892.91,5,2,Wallet,No
O01735,C0389,2025-12-16,Fashion,2801.44,0,2,UPI,Yes
O01736,C0389,2026-03-14,Electronics,781.16,0,3,COD,No
O01737,C0390,2025-05-12,Home,3549.53,15,5,COD,Yes
O01738,C0390,2026-03-09,Beauty,2256.91,20,8,UPI,No
O01739,C0390,2025-06-03,Electronics,2599.98,10,6,Wallet,No
O01740,C0390,2025-08-10,Books,2228.97,0,6,Wallet,Yes
O01741,C0390,2026-09-13,Books,3843.44,10,2,UPI,Yes
O01742,C0390,2026-01-08,Books,3676.54,15,2,COD,Yes
O01743,C0390,2026-08-25,Beauty,364.84,15,5,Card,No
O01744,C0391,2024-04-29,Home,2609.95,20,8,Wallet,Yes
O01745,C0391,2024-11-04,Fashion,3011.17,15,8,COD,Yes
O01746,C0391,2024-03-30,Books,1593.38,0,6,Card,Yes
O01747,C0391,2024-09-09,Electronics,2514.3,15,4,Card,No
O01748,C0391,2024-04-03,Home,1650.93,20,4,Wallet,Yes
O01749,C0391,2025-05-19,Electronics,4080.41,5,2,Card,Yes
O01750,C0391,2024-03-14,Books,2302.87,0,6,COD,Yes
O01751,C0391,2025-04-22,Books,2473.56,20,5,Wallet,Yes
O01752,C0392,2025-07-07,Electronics,4612.52,0,3,Card,Yes
O01753,C0392,2024-08-13,Beauty,3390.28,10,8,COD,No
O01754,C0392,2024-04-12,Beauty,4860.15,15,3,UPI,Yes
O01755,C0392,2024-09-28,Fashion,1171.75,15,5,UPI,No
O01756,C0392,2024-04-05,Electronics,2648.94,20,1,COD,Yes
O01757,C0392,2024-12-10,Home,4425.85,5,3,Wallet,Yes
O01758,C0392,2024-08-15,Books,3387.37,5,8,UPI,Yes
O01759,C0393,2025-12-22,Books,897.93,20,2,UPI,Yes
O01760,C0393,2025-03-27,Home,3209.32,5,7,COD,No
O01761,C0393,2024-09-17,Home,3811.38,15,1,UPI,Yes
O01762,C0394,2026-04-14,Fashion,3151.5,5,7,COD,No
O01763,C0394,2025-02-24,Books,2277.16,0,1,UPI,Yes
O01764,C0394,2025-01-19,Home,1973.7,15,7,COD,No
O01765,C0395,2026-04-04,Books,3835.6,10,3,UPI,No
O01766,C0395,2026-02-18,Home,2757.15,10,2,COD,No
O01767,C0395,2026-08-12,Fashion,1293.64,20,6,Card,No
O01768,C0395,2026-01-12,Beauty,1120.86,15,6,COD,No
O01769,C0395,2026-05-13,Beauty,3414.49,5,4,COD,Yes
O01770,C0395,2026-03-10,Fashion,3620.58,15,6,Card,Yes
O01771,C0395,2025-12-28,Beauty,3265.26,10,4,Card,No
O01772,C0395,2026-03-23,Home,1379.04,20,8,Wallet,No
O01773,C0396,2025-04-22,Home,215.68,15,4,Wallet,No
O01774,C0396,2025-08-21,Home,2923.78,0,4,Wallet,No
O01775,C0396,2024-07-04,Home,2486.57,0,7,Card,Yes
O01776,C0396,2024-07-19,Electronics,1934.41,0,1,COD,Yes
O01777,C0396,2025-09-15,Books,1488.39,5,2,UPI,Yes
O01778,C0396,2024-03-26,Home,734.87,15,5,Card,Yes
O01779,C0396,2024-10-27,Beauty,3167.9,10,5,Card,Yes
O01780,C0397,2024-08-08,Fashion,2800.21,0,1,COD,No
O01781,C0397,2024-05-19,Fashion,659.28,5,7,Wallet,Yes
O01782,C0397,2024-07-08,Electronics,4604.6,0,5,Card,No
O01783,C0397,2025-04-02,Books,2982.26,5,7,Card,Yes
O01784,C0397,2024-04-05,Books,2160.97,5,8,Wallet,No
O01785,C0397,2024-02-05,Fashion,2798.07,15,5,Wallet,No
O01786,C0397,2024-12-07,Books,299.44,20,7,Card,No
O01787,C0398,2024-10-13,Books,1246.06,10,6,Card,No
O01788,C0398,2024-11-06,Electronics,2021.33,20,8,Card,Yes
O01789,C0398,2025-06-21,Books,3622.73,20,1,COD,No
O01790,C0398,2025-04-09,Books,298.37,15,7,UPI,No
O01791,C0398,2024-12-01,Home,1871.5,10,5,Wallet,Yes
O01792,C0398,2024-09-03,Electronics,1251.86,15,4,COD,Yes
O01793,C0398,2024-11-04,Electronics,631.87,20,3,UPI,No
O01794,C0399,2024-07-05,Fashion,4320.8,5,5,Wallet,No
O01795,C0399,2024-07-30,Electronics,2698.44,20,4,UPI,Yes
O01796,C0399,2024-12-02,Fashion,2830.11,5,7,UPI,Yes
O01797,C0399,2024-04-29,Home,523.43,5,2,UPI,No
O01798,C0399,2025-02-22,Beauty,3671.4,5,3,Card,Yes
O01799,C0400,2025-07-24,Books,847.76,5,1,Card,Yes
O01800,C0401,2026-06-26,Fashion,1040.7,5,2,UPI,Yes
O01801,C0401,2026-04-08,Books,852.34,20,5,Wallet,No
O01802,C0401,2026-05-05,Beauty,4466.2,10,8,Wallet,No
O01803,C0401,2026-09-05,Beauty,4696.98,15,3,Card,Yes
O01804,C0402,2025-06-12,Home,2036.35,0,5,COD,No
O01805,C0402,2024-11-05,Books,3801.49,5,4,Wallet,Yes
O01806,C0403,2026-02-21,Books,1414.02,15,7,COD,Yes
O01807,C0403,2026-03-18,Fashion,825.99,5,1,UPI,No
O01808,C0403,2025-12-17,Books,454.97,15,8,UPI,No
O01809,C0403,2025-11-27,Electronics,4141.25,15,8,UPI,No
O01810,C0404,2024-11-15,Electronics,3772.82,0,5,Card,No
O01811,C0404,2024-07-13,Beauty,2352.12,15,6,COD,No
O01812,C0405,2025-08-12,Beauty,3865.47,20,1,UPI,Yes
O01813,C0405,2025-06-16,Home,1784.73,5,8,Card,Yes
O01814,C0405,2024-08-29,Books,3161.0,5,5,UPI,Yes
O01815,C0405,2025-04-01,Fashion,258.15,15,3,Card,No
O01816,C0405,2024-10-28,Fashion,2249.18,0,5,UPI,Yes
O01817,C0405,2024-07-03,Electronics,1474.44,5,8,Wallet,Yes
O01818,C0405,2025-10-13,Home,748.34,20,8,COD,No
O01819,C0405,2025-02-14,Home,2969.81,20,6,Card,No
O01820,C0406,2026-05-07,Beauty,2520.3,10,6,Wallet,No
O01821,C0407,2024-09-12,Fashion,4253.54,15,4,Card,Yes
O01822,C0407,2025-06-28,Books,1942.37,20,7,COD,No
O01823,C0407,2024-04-20,Electronics,1363.97,10,8,UPI,No
O01824,C0408,2025-08-10,Books,767.49,15,4,Wallet,Yes
O01825,C0408,2025-09-15,Home,2264.51,5,4,Card,No
O01826,C0408,2025-01-06,Electronics,3070.31,0,7,UPI,Yes
O01827,C0408,2024-08-04,Books,920.22,0,7,Card,Yes
O01828,C0408,2024-07-29,Fashion,2461.8,10,1,COD,No
O01829,C0408,2024-10-24,Home,394.06,0,5,UPI,Yes
O01830,C0409,2025-06-07,Beauty,716.18,20,5,UPI,No
O01831,C0409,2024-06-11,Fashion,511.72,20,5,UPI,No
O01832,C0409,2024-09-07,Books,3507.35,10,1,Card,No
O01833,C0409,2025-04-29,Home,1922.01,15,5,Wallet,Yes
O01834,C0409,2024-12-03,Fashion,3398.03,15,4,Card,Yes
O01835,C0409,2024-02-28,Fashion,581.38,0,2,Wallet,Yes
O01836,C0409,2024-06-22,Home,3669.29,10,5,Card,No
O01837,C0410,2025-12-08,Fashion,3349.67,15,6,Card,No
O01838,C0410,2024-10-17,Books,434.78,5,5,Wallet,No
O01839,C0410,2025-09-22,Books,3961.88,5,6,COD,No
O01840,C0410,2025-06-29,Electronics,4798.71,5,3,COD,No
O01841,C0411,2024-07-10,Home,1352.11,5,8,Card,No
O01842,C0412,2024-12-31,Beauty,213.14,5,8,Card,Yes
O01843,C0412,2024-12-26,Beauty,3465.71,15,5,Card,No
O01844,C0412,2024-03-01,Beauty,2383.77,15,5,UPI,No
O01845,C0412,2024-12-26,Books,285.99,15,2,Wallet,Yes
O01846,C0412,2024-12-08,Books,4207.05,10,4,COD,Yes
O01847,C0412,2024-09-11,Books,3408.47,10,5,UPI,Yes
O01848,C0413,2024-01-24,Home,2264.05,20,2,Wallet,Yes
O01849,C0413,2025-06-18,Beauty,4369.02,0,5,Wallet,Yes
O01850,C0413,2025-07-21,Electronics,3374.19,5,5,Wallet,No
O01851,C0413,2024-07-21,Electronics,2816.3,15,4,UPI,No
O01852,C0413,2024-09-29,Electronics,4743.58,5,1,COD,Yes
O01853,C0413,2024-11-16,Fashion,3424.69,15,7,Card,Yes
O01854,C0413,2025-01-26,Home,668.5,20,5,UPI,Yes
O01855,C0414,2024-12-22,Books,4832.69,10,2,UPI,No
O01856,C0414,2025-08-26,Electronics,786.07,10,5,UPI,No
O01857,C0415,2024-06-28,Fashion,4962.19,10,3,Card,Yes
O01858,C0416,2024-12-18,Fashion,4074.92,5,7,Card,No
O01859,C0416,2024-11-10,Books,4885.46,20,4,Wallet,No
O01860,C0416,2025-07-29,Electronics,3284.13,0,4,Wallet,Yes
O01861,C0416,2024-09-06,Home,2940.51,10,1,Wallet,Yes
O01862,C0416,2025-07-22,Fashion,4337.63,0,2,UPI,Yes
O01863,C0416,2025-12-31,Electronics,2572.86,20,6,UPI,No
O01864,C0416,2025-05-12,Home,1697.88,0,7,UPI,Yes
O01865,C0417,2026-05-19,Home,4996.55,15,5,UPI,No
O01866,C0417,2025-07-11,Books,2591.78,0,5,UPI,No
O01867,C0417,2026-03-27,Fashion,1086.93,20,2,UPI,No
O01868,C0417,2025-08-20,Home,656.75,10,5,UPI,Yes
O01869,C0417,2025-11-29,Fashion,2994.7,0,2,COD,No
O01870,C0418,2026-01-05,Electronics,682.09,10,7,Wallet,Yes
O01871,C0418,2026-02-11,Fashion,1491.43,0,1,UPI,Yes
O01872,C0418,2025-06-24,Books,4478.73,10,1,Wallet,Yes
O01873,C0418,2025-12-02,Electronics,962.27,10,4,Card,Yes
O01874,C0418,2025-06-21,Books,3228.03,5,1,Card,Yes
O01875,C0419,2025-07-24,Electronics,2564.73,15,4,Card,No
O01876,C0419,2025-07-29,Home,4160.12,5,5,Wallet,No
O01877,C0419,2025-11-03,Books,1492.93,10,2,Wallet,Yes
O01878,C0419,2025-05-10,Home,2146.62,5,4,Card,Yes
O01879,C0419,2025-09-24,Fashion,835.75,5,1,UPI,Yes
O01880,C0420,2024-12-19,Electronics,3328.89,15,2,UPI,No
O01881,C0420,2025-07-16,Electronics,2345.96,10,3,COD,No
O01882,C0421,2024-12-09,Fashion,1192.55,5,6,Wallet,No
O01883,C0421,2025-04-19,Electronics,2299.76,15,5,Wallet,Yes
O01884,C0421,2024-09-13,Books,3950.69,20,1,COD,Yes
O01885,C0421,2025-09-09,Fashion,730.0,10,5,COD,Yes
O01886,C0422,2025-07-29,Books,1655.34,5,4,COD,No
O01887,C0422,2025-09-10,Fashion,1494.27,15,8,Card,Yes
O01888,C0422,2025-04-04,Fashion,3297.06,20,7,Card,Yes
O01889,C0422,2025-05-08,Electronics,3661.96,10,5,COD,No
O01890,C0422,2024-08-27,Fashion,502.25,10,2,COD,Yes
O01891,C0422,2026-01-31,Beauty,4624.77,0,8,Card,Yes
O01892,C0422,2025-07-08,Beauty,3888.77,10,7,UPI,No
O01893,C0422,2025-02-21,Books,1099.38,10,5,COD,Yes
O01894,C0423,2026-03-16,Home,3198.17,0,4,COD,No
O01895,C0423,2026-03-15,Books,3842.85,5,6,Wallet,Yes
O01896,C0423,2025-02-04,Fashion,695.32,15,3,UPI,Yes
O01897,C0423,2026-03-11,Electronics,2179.33,20,2,Wallet,Yes
O01898,C0423,2025-07-02,Home,3742.52,0,4,UPI,No
O01899,C0423,2024-11-29,Electronics,4607.38,10,7,Wallet,Yes
O01900,C0423,2025-02-21,Beauty,1835.91,0,4,UPI,No
O01901,C0424,2025-11-20,Books,2797.16,5,1,Wallet,No
O01902,C0424,2025-05-23,Beauty,625.81,10,4,UPI,No
O01903,C0424,2026-02-02,Beauty,4686.34,5,8,UPI,Yes
O01904,C0424,2025-03-03,Fashion,3403.03,5,4,Card,Yes
O01905,C0424,2025-08-12,Fashion,1140.11,5,4,COD,No
O01906,C0424,2025-04-13,Beauty,3375.97,5,4,UPI,Yes
O01907,C0424,2025-09-07,Books,1959.88,5,5,UPI,Yes
O01908,C0424,2026-06-10,Home,2014.81,0,3,Card,No
O01909,C0425,2025-04-26,Fashion,720.51,10,4,COD,No
O01910,C0425,2024-08-05,Books,4178.12,15,4,Card,No
O01911,C0425,2024-12-07,Electronics,1715.5,5,4,Wallet,No
O01912,C0426,2024-11-18,Beauty,4523.99,0,4,Wallet,No
O01913,C0426,2024-11-27,Beauty,453.59,5,3,Card,Yes
O01914,C0427,2026-03-23,Home,2720.36,10,2,COD,Yes
O01915,C0427,2025-10-09,Fashion,411.29,5,8,Card,Yes
O01916,C0428,2025-08-18,Home,2412.32,0,5,UPI,Yes
O01917,C0428,2024-10-20,Electronics,3921.46,0,1,COD,Yes
O01918,C0429,2026-05-30,Books,4774.83,20,2,COD,Yes
O01919,C0429,2025-02-18,Home,3652.28,15,6,UPI,No
O01920,C0429,2025-11-18,Beauty,1451.86,5,2,Wallet,No
O01921,C0429,2026-06-09,Fashion,2706.67,5,2,COD,Yes
O01922,C0430,2024-07-25,Home,3076.22,5,1,Wallet,No
O01923,C0431,2026-01-10,Fashion,2013.06,15,2,Card,No
O01924,C0431,2026-04-29,Home,1293.65,0,6,COD,No
O01925,C0431,2025-05-15,Electronics,3968.67,20,7,UPI,No
O01926,C0432,2025-01-26,Beauty,3975.31,20,1,Card,Yes
O01927,C0432,2024-04-04,Electronics,491.42,15,1,COD,Yes
O01928,C0432,2025-07-23,Home,3744.83,5,5,Wallet,No
O01929,C0432,2024-10-09,Fashion,2675.18,20,7,UPI,No
O01930,C0432,2024-10-29,Fashion,1362.69,15,2,COD,Yes
O01931,C0432,2025-07-16,Books,2942.82,10,5,Card,Yes
O01932,C0432,2024-10-03,Home,4421.34,20,3,Wallet,Yes
O01933,C0432,2024-05-14,Electronics,1686.01,15,5,UPI,No
O01934,C0433,2024-07-12,Home,1095.63,10,4,Card,No
O01935,C0433,2024-12-12,Electronics,4804.25,15,1,Wallet,No
O01936,C0433,2025-07-25,Beauty,4002.05,20,5,UPI,Yes
O01937,C0433,2024-09-18,Home,1968.18,10,3,Card,No
O01938,C0433,2024-08-01,Electronics,3433.65,10,6,UPI,No
O01939,C0434,2025-10-23,Electronics,1437.04,15,6,Card,Yes
O01940,C0434,2024-08-15,Beauty,632.28,15,8,UPI,Yes
O01941,C0434,2024-11-22,Fashion,1357.26,15,2,Card,Yes
O01942,C0434,2025-06-21,Electronics,3291.34,15,4,UPI,Yes
O01943,C0435,2025-08-10,Beauty,2416.22,20,7,UPI,Yes
O01944,C0435,2025-11-10,Electronics,1201.78,20,1,UPI,No
O01945,C0435,2026-07-03,Beauty,737.67,20,3,UPI,Yes
O01946,C0435,2026-05-26,Home,1802.49,10,8,UPI,No
O01947,C0435,2025-05-08,Books,4434.95,10,4,COD,Yes
O01948,C0435,2025-07-03,Electronics,566.01,20,2,COD,Yes
O01949,C0435,2026-02-28,Beauty,1284.05,15,7,COD,Yes
O01950,C0436,2025-04-07,Electronics,4719.68,5,3,Wallet,No
O01951,C0436,2025-10-06,Electronics,1820.93,10,2,UPI,No
O01952,C0436,2025-03-10,Electronics,2694.47,10,7,UPI,No
O01953,C0437,2025-10-15,Fashion,3529.69,15,2,UPI,Yes
O01954,C0438,2026-05-03,Electronics,2074.83,15,2,Card,No
O01955,C0438,2025-07-12,Electronics,1737.82,5,4,Card,No
O01956,C0438,2026-04-12,Beauty,1907.82,20,7,Card,No
O01957,C0438,2025-08-18,Books,2529.85,20,8,Card,Yes
O01958,C0439,2025-08-03,Beauty,4502.53,15,1,Card,No
O01959,C0439,2025-07-28,Books,1339.64,0,3,Card,Yes
O01960,C0439,2025-10-14,Electronics,3149.64,0,2,COD,No
O01961,C0439,2024-10-14,Beauty,3107.27,10,1,UPI,No
O01962,C0440,2025-02-12,Books,2997.92,20,3,Wallet,No
O01963,C0440,2025-03-26,Electronics,4185.35,20,8,COD,Yes
O01964,C0440,2025-11-26,Beauty,3960.95,5,7,Card,No
O01965,C0440,2024-09-09,Beauty,1613.16,20,5,Card,Yes
O01966,C0440,2024-12-07,Home,720.1,5,4,Wallet,No
O01967,C0440,2024-07-22,Beauty,2157.53,15,1,Card,No
O01968,C0440,2024-09-24,Electronics,2394.47,15,7,Card,Yes
O01969,C0440,2025-04-08,Beauty,2895.97,20,4,Card,No
O01970,C0441,2026-05-26,Home,864.91,0,1,COD,No
O01971,C0441,2025-04-09,Home,4911.67,0,7,Card,No
O01972,C0441,2025-12-12,Books,2813.6,10,3,UPI,No
O01973,C0441,2026-01-01,Fashion,1854.64,0,2,Wallet,No
O01974,C0442,2024-06-23,Home,1409.27,15,4,Card,Yes
O01975,C0442,2025-01-04,Electronics,4278.86,0,5,Card,No
O01976,C0442,2024-10-07,Beauty,204.7,15,7,Wallet,Yes
O01977,C0442,2024-04-17,Beauty,760.56,5,7,UPI,Yes
O01978,C0442,2024-09-05,Electronics,4108.71,0,6,UPI,No
O01979,C0442,2025-08-14,Electronics,468.73,10,5,UPI,No
O01980,C0443,2025-04-26,Electronics,3281.95,10,3,Card,No
O01981,C0443,2024-10-31,Books,280.73,15,8,COD,No
O01982,C0443,2024-07-13,Fashion,479.27,15,8,Wallet,Yes
O01983,C0443,2024-06-17,Books,1853.84,15,2,Wallet,Yes
O01984,C0444,2025-05-04,Electronics,4695.56,5,5,Card,Yes
O01985,C0445,2025-02-12,Electronics,1172.57,15,7,UPI,No
O01986,C0445,2024-08-31,Electronics,1183.6,0,3,Card,Yes
O01987,C0445,2025-09-13,Fashion,740.58,20,7,COD,Yes
O01988,C0445,2025-12-12,Books,2579.59,0,6,Card,Yes
O01989,C0445,2025-11-22,Home,556.81,10,5,UPI,Yes
O01990,C0445,2025-07-17,Home,429.37,20,7,UPI,Yes
O01991,C0446,2025-03-06,Books,3473.83,15,2,UPI,Yes
O01992,C0446,2025-11-26,Beauty,3756.4,5,8,Card,Yes
O01993,C0446,2024-08-23,Books,4203.0,20,2,Card,Yes
O01994,C0446,2025-02-23,Fashion,1453.27,20,7,COD,No
O01995,C0446,2025-10-31,Fashion,1322.55,20,7,Card,Yes
O01996,C0446,2026-01-18,Books,1050.64,0,6,COD,Yes
O01997,C0446,2025-11-12,Books,4806.88,20,1,Wallet,No
O01998,C0446,2024-12-08,Books,2377.15,15,1,Card,No
O01999,C0447,2025-10-13,Fashion,2794.98,5,2,Card,No
O02000,C0448,2024-07-02,Electronics,3930.98,10,8,Wallet,Yes
O02001,C0448,2024-08-30,Electronics,2709.62,20,3,Card,No
O02002,C0448,2025-07-29,Beauty,4850.8,20,1,COD,Yes
O02003,C0448,2025-08-31,Beauty,3192.5,0,5,Card,Yes
O02004,C0448,2024-07-25,Beauty,4284.19,5,1,Wallet,No
O02005,C0448,2025-11-18,Home,4851.51,20,3,COD,Yes
O02006,C0449,2025-01-03,Electronics,3537.35,10,8,Card,Yes
O02007,C0449,2026-01-13,Fashion,2348.38,20,8,Card,Yes
O02008,C0449,2026-03-05,Beauty,1519.52,0,2,Wallet,No
O02009,C0449,2026-05-26,Beauty,2563.86,20,3,Wallet,No
O02010,C0449,2025-05-04,Home,4217.82,20,3,Card,No
O02011,C0449,2025-01-06,Beauty,3994.53,0,6,Wallet,Yes
O02012,C0449,2025-07-29,Electronics,1969.67,10,5,Wallet,No
O02013,C0449,2025-11-02,Electronics,3490.94,0,1,Card,No
O02014,C0450,2025-12-19,Books,1076.27,20,7,Wallet,Yes
O02015,C0450,2025-08-27,Fashion,1894.5,5,5,Card,No
O02016,C0450,2026-05-11,Fashion,4185.48,20,4,UPI,No
O02017,C0450,2026-05-25,Home,989.22,5,2,COD,No
O02018,C0450,2025-10-05,Books,4586.98,5,6,Card,No
O02019,C0451,2025-08-12,Beauty,1273.06,15,2,COD,No
O02020,C0451,2025-05-26,Beauty,4767.82,10,8,Wallet,No
O02021,C0451,2025-05-16,Home,3127.44,10,8,Card,Yes
O02022,C0451,2025-11-14,Beauty,1671.77,20,2,UPI,Yes
O02023,C0451,2026-09-04,Electronics,3075.21,5,3,COD,Yes
O02024,C0451,2026-01-30,Home,4008.57,5,2,Wallet,No
O02025,C0452,2024-09-10,Home,714.67,20,3,Card,No
O02026,C0452,2025-06-17,Fashion,3693.64,15,2,Wallet,No
O02027,C0452,2024-04-02,Fashion,277.07,0,5,COD,Yes
O02028,C0452,2024-03-23,Books,3926.4,15,3,UPI,No
O02029,C0452,2024-04-17,Books,3104.34,0,3,COD,No
O02030,C0452,2024-06-27,Books,1328.05,5,6,Card,No
O02031,C0453,2026-01-16,Home,2786.79,5,5,Card,No
O02032,C0453,2025-09-23,Beauty,2649.0,10,5,Wallet,No
O02033,C0453,2025-09-02,Fashion,3980.52,20,5,Card,No
O02034,C0453,2025-02-11,Home,4844.65,0,7,Card,Yes
O02035,C0453,2024-11-22,Home,405.8,5,5,Card,Yes
O02036,C0453,2025-06-12,Home,829.41,10,2,UPI,Yes
O02037,C0453,2024-10-18,Electronics,1755.09,20,8,Card,No
O02038,C0454,2026-03-28,Books,2719.0,20,7,Wallet,Yes
O02039,C0454,2026-03-07,Books,4822.86,15,4,Wallet,No
O02040,C0454,2025-12-09,Fashion,918.58,10,1,Card,No
O02041,C0454,2025-08-02,Beauty,1203.92,5,2,Card,Yes
O02042,C0454,2025-02-25,Fashion,1114.03,5,2,Card,Yes
O02043,C0455,2025-02-17,Home,2694.03,15,7,Card,Yes
O02044,C0456,2026-04-30,Books,2139.32,5,2,Card,No
O02045,C0456,2026-05-09,Home,2428.45,20,5,COD,No
O02046,C0456,2025-05-21,Home,2018.77,5,1,UPI,No
O02047,C0457,2025-01-17,Books,3647.79,5,2,UPI,No
O02048,C0458,2025-01-16,Fashion,1763.95,20,3,Card,No
O02049,C0458,2025-06-11,Home,4785.64,20,7,UPI,No
O02050,C0458,2025-08-16,Fashion,2855.05,5,3,COD,No
O02051,C0459,2025-09-25,Books,2205.8,15,8,Card,Yes
O02052,C0459,2026-02-01,Beauty,1591.25,10,1,COD,No
O02053,C0459,2026-05-20,Fashion,3133.82,15,2,Wallet,Yes
O02054,C0459,2025-07-05,Electronics,2941.01,5,8,UPI,No
O02055,C0459,2025-09-04,Beauty,3400.26,15,8,UPI,Yes
O02056,C0460,2024-10-07,Fashion,4099.14,10,2,Wallet,Yes
O02057,C0460,2025-03-20,Home,1031.68,20,1,Wallet,No
O02058,C0460,2026-02-22,Home,2616.61,5,8,COD,No
O02059,C0461,2024-10-28,Fashion,283.22,15,5,UPI,No
O02060,C0462,2024-03-21,Beauty,3938.94,10,3,UPI,Yes
O02061,C0462,2025-01-02,Beauty,1154.43,5,5,UPI,Yes
O02062,C0463,2026-09-05,Fashion,646.06,15,2,UPI,Yes
O02063,C0463,2025-09-14,Electronics,754.69,15,3,Wallet,No
O02064,C0463,2025-09-01,Electronics,456.82,0,2,Wallet,No
O02065,C0463,2025-07-28,Electronics,821.61,0,3,UPI,No
O02066,C0464,2024-10-16,Books,377.71,15,4,COD,Yes
O02067,C0464,2025-09-11,Books,264.36,10,3,UPI,Yes
O02068,C0464,2024-12-24,Home,1045.46,0,2,Wallet,Yes
O02069,C0464,2025-02-19,Fashion,4327.25,5,6,COD,No
O02070,C0465,2025-02-28,Electronics,3663.56,5,2,COD,Yes
O02071,C0465,2025-07-28,Fashion,4152.77,15,2,UPI,Yes
O02072,C0465,2024-12-14,Beauty,1115.63,10,6,COD,No
O02073,C0465,2025-01-15,Fashion,3860.35,0,3,COD,Yes
O02074,C0465,2024-08-13,Electronics,323.1,15,8,UPI,No
O02075,C0465,2024-08-19,Home,2500.69,0,8,Card,Yes
O02076,C0466,2024-12-26,Beauty,807.12,0,5,COD,No
O02077,C0466,2025-05-09,Electronics,4773.99,5,3,COD,Yes
O02078,C0466,2025-04-27,Beauty,481.51,10,1,Wallet,No
O02079,C0466,2025-11-20,Beauty,1969.12,0,5,COD,No
O02080,C0467,2025-07-14,Fashion,2501.94,10,2,Wallet,No
O02081,C0467,2024-11-01,Electronics,730.69,20,1,UPI,Yes
O02082,C0467,2025-05-30,Beauty,327.9,5,7,UPI,No
O02083,C0467,2025-12-12,Books,1525.62,5,2,Wallet,Yes
O02084,C0468,2025-03-06,Home,3045.19,0,2,Wallet,Yes
O02085,C0468,2025-04-24,Books,2640.14,0,7,Card,Yes
O02086,C0469,2026-02-19,Home,4778.66,5,8,Wallet,Yes
O02087,C0469,2024-12-19,Electronics,3579.51,20,1,Wallet,Yes
O02088,C0469,2025-08-17,Books,2752.12,15,6,Wallet,No
O02089,C0469,2026-01-15,Beauty,342.48,0,2,COD,Yes
O02090,C0469,2025-03-18,Books,3113.42,10,3,Wallet,No
O02091,C0469,2025-11-15,Home,4151.33,20,2,UPI,Yes
O02092,C0470,2025-04-29,Books,4903.15,15,7,UPI,No
O02093,C0471,2025-06-30,Books,2345.27,0,8,COD,Yes
O02094,C0471,2025-05-30,Beauty,3795.31,5,5,UPI,No
O02095,C0472,2024-12-03,Beauty,1426.5,10,1,Wallet,No
O02096,C0472,2026-04-15,Electronics,4950.55,5,4,Wallet,No
O02097,C0472,2025-02-21,Beauty,4105.59,20,7,COD,Yes
O02098,C0473,2025-05-19,Books,4772.22,20,8,COD,Yes
O02099,C0473,2025-03-25,Books,4188.4,5,6,Card,No
O02100,C0473,2024-11-23,Electronics,4979.22,0,8,COD,Yes
O02101,C0473,2025-10-14,Electronics,4270.98,5,3,Wallet,Yes
O02102,C0473,2026-01-08,Electronics,2411.56,0,3,Wallet,Yes
O02103,C0473,2025-01-08,Home,3371.63,0,1,UPI,Yes
O02104,C0473,2025-08-12,Fashion,3484.86,0,8,UPI,No
O02105,C0473,2024-08-21,Beauty,3708.59,0,5,UPI,No
O02106,C0474,2026-07-09,Beauty,4744.66,20,6,Card,No
O02107,C0474,2026-09-04,Beauty,1994.24,5,1,UPI,Yes
O02108,C0475,2024-08-16,Fashion,4178.29,15,3,UPI,No
O02109,C0475,2025-06-29,Fashion,639.22,20,2,Wallet,No
O02110,C0475,2024-10-29,Beauty,3079.53,20,7,Card,No
O02111,C0475,2025-06-18,Electronics,2977.26,10,8,UPI,No
O02112,C0475,2025-01-02,Electronics,3624.23,20,5,Wallet,Yes
O02113,C0475,2025-05-11,Beauty,2250.32,5,8,Card,No
O02114,C0475,2025-02-27,Home,3436.12,15,4,COD,Yes
O02115,C0475,2025-08-27,Fashion,2988.96,10,7,UPI,No
O02116,C0476,2025-09-23,Electronics,4690.67,10,7,Wallet,No
O02117,C0476,2025-05-30,Fashion,510.85,20,1,COD,Yes
O02118,C0476,2026-01-25,Beauty,883.23,5,6,Wallet,No
O02119,C0476,2025-05-03,Home,201.65,20,4,Wallet,Yes
O02120,C0477,2026-03-17,Beauty,926.43,20,8,UPI,No
O02121,C0477,2024-12-03,Electronics,3191.55,10,2,UPI,Yes
O02122,C0477,2025-03-06,Home,3015.19,20,4,Card,Yes
O02123,C0477,2026-01-02,Books,718.21,15,4,UPI,No
O02124,C0477,2025-05-21,Home,4908.86,10,1,UPI,No
O02125,C0477,2025-10-17,Fashion,3942.84,10,1,COD,No
O02126,C0477,2026-04-02,Beauty,894.29,0,2,Wallet,No
O02127,C0478,2026-01-29,Books,2129.91,15,2,UPI,Yes
O02128,C0479,2026-02-08,Electronics,2416.28,10,3,UPI,No
O02129,C0480,2024-11-24,Home,4611.76,20,7,Wallet,Yes
O02130,C0480,2025-06-28,Home,3543.1,20,8,Wallet,No
O02131,C0480,2024-08-19,Home,1771.17,0,5,UPI,Yes
O02132,C0480,2024-10-04,Electronics,3667.43,15,3,COD,Yes
O02133,C0480,2025-06-13,Home,4467.94,0,1,UPI,No
O02134,C0480,2024-08-07,Fashion,2227.91,20,1,Wallet,Yes
O02135,C0481,2025-07-05,Books,1987.46,15,1,UPI,Yes
O02136,C0481,2024-08-29,Fashion,3051.76,10,5,COD,Yes
O02137,C0481,2024-09-21,Books,1607.92,10,7,Wallet,No
O02138,C0481,2025-12-26,Books,2170.21,10,6,Card,Yes
O02139,C0481,2025-06-18,Books,1710.79,15,6,COD,Yes
O02140,C0482,2025-05-04,Books,3950.05,5,1,Card,No
O02141,C0482,2025-07-11,Fashion,4034.86,5,7,Wallet,No
O02142,C0482,2025-08-12,Home,460.12,20,7,COD,Yes
O02143,C0482,2024-12-13,Fashion,243.95,5,7,UPI,Yes
O02144,C0483,2025-07-17,Home,1690.96,20,3,UPI,No
O02145,C0483,2024-04-16,Home,697.55,0,3,UPI,No
O02146,C0483,2025-08-16,Beauty,4113.37,20,5,Wallet,Yes
O02147,C0483,2024-03-25,Electronics,3850.37,15,1,Wallet,No
O02148,C0483,2025-08-07,Fashion,4959.86,0,3,Card,No
O02149,C0483,2025-06-16,Home,4667.48,15,1,Card,No
O02150,C0483,2024-12-13,Electronics,4293.16,5,7,UPI,Yes
O02151,C0483,2024-05-12,Fashion,1178.68,15,5,COD,Yes
O02152,C0484,2025-11-24,Home,2859.72,10,3,Card,No
O02153,C0485,2024-11-21,Electronics,1937.74,0,5,Wallet,No
O02154,C0485,2025-01-13,Books,3333.54,10,5,Card,Yes
O02155,C0485,2024-05-24,Fashion,734.74,15,4,COD,No
O02156,C0485,2024-06-01,Fashion,2363.6,5,7,COD,Yes
O02157,C0485,2025-07-21,Beauty,1014.66,20,4,Wallet,Yes
O02158,C0485,2024-05-20,Electronics,4509.15,20,6,UPI,Yes
O02159,C0486,2025-05-25,Home,359.36,20,4,Card,No
O02160,C0486,2025-06-29,Home,1788.92,0,4,UPI,Yes
O02161,C0486,2026-04-18,Books,531.79,15,7,COD,Yes
O02162,C0486,2026-01-16,Home,1857.63,10,3,COD,No
O02163,C0486,2025-08-01,Beauty,1457.06,5,1,COD,Yes
O02164,C0486,2026-03-08,Books,3093.28,20,4,UPI,Yes
O02165,C0487,2025-04-24,Beauty,2775.83,15,5,Wallet,Yes
O02166,C0487,2025-01-26,Books,1669.16,20,6,Card,No
O02167,C0488,2024-10-19,Beauty,374.86,20,2,Wallet,No
O02168,C0488,2024-08-21,Beauty,1485.44,5,4,Wallet,Yes
O02169,C0488,2025-08-10,Fashion,1330.24,0,2,Wallet,Yes
O02170,C0488,2025-03-31,Beauty,4615.76,5,3,Card,Yes
O02171,C0488,2024-09-28,Electronics,1005.36,0,2,UPI,Yes
O02172,C0488,2024-10-16,Electronics,1043.5,0,1,Wallet,No
O02173,C0488,2025-05-13,Electronics,2021.13,20,1,Wallet,No
O02174,C0489,2025-03-31,Electronics,4024.93,5,5,COD,No
O02175,C0489,2024-11-08,Beauty,3277.54,20,2,UPI,No
O02176,C0489,2024-12-11,Fashion,2221.47,10,3,COD,No
O02177,C0489,2025-01-21,Electronics,4193.88,0,2,Card,Yes
O02178,C0489,2025-06-15,Fashion,4209.45,0,7,COD,No
O02179,C0489,2025-02-04,Books,4771.99,0,7,COD,Yes
O02180,C0490,2025-07-11,Home,554.36,10,7,UPI,Yes
O02181,C0490,2025-11-24,Books,4936.55,20,1,COD,Yes
O02182,C0490,2026-05-21,Beauty,3147.77,15,5,UPI,Yes
O02183,C0490,2026-04-19,Books,3910.43,15,4,Card,No
O02184,C0490,2025-08-30,Fashion,2014.02,15,7,Wallet,Yes
O02185,C0491,2024-12-11,Beauty,1947.6,15,6,Card,No
O02186,C0491,2026-01-05,Books,4250.69,0,8,Card,Yes
O02187,C0491,2024-10-20,Books,4727.69,10,3,Wallet,Yes
O02188,C0491,2025-10-22,Beauty,270.52,0,2,COD,Yes
O02189,C0491,2024-12-11,Home,3963.03,20,6,COD,Yes
O02190,C0491,2026-01-12,Electronics,2535.96,5,5,Wallet,No
O02191,C0491,2025-10-27,Electronics,3090.19,20,2,Card,No
O02192,C0491,2024-12-31,Fashion,3121.05,15,7,COD,Yes
O02193,C0492,2025-06-28,Home,456.29,10,5,Card,Yes
O02194,C0492,2025-03-14,Books,3468.87,0,6,COD,No
O02195,C0493,2026-06-27,Electronics,4186.42,0,1,Wallet,Yes
O02196,C0493,2026-01-20,Books,2168.04,5,1,Card,Yes
O02197,C0493,2025-11-16,Fashion,4268.57,20,8,Card,No
O02198,C0493,2025-11-17,Books,224.27,20,2,Card,Yes
O02199,C0493,2025-10-30,Electronics,3641.97,5,4,Wallet,Yes
O02200,C0493,2026-03-09,Electronics,4719.67,15,6,UPI,Yes
O02201,C0494,2026-02-22,Books,4878.68,0,3,UPI,No
O02202,C0494,2025-08-16,Home,2251.54,5,1,Wallet,Yes
O02203,C0495,2025-05-08,Electronics,4086.38,0,6,Wallet,No
O02204,C0495,2025-05-24,Beauty,4410.83,10,5,COD,Yes
O02205,C0495,2025-07-19,Books,4027.75,20,8,Card,No
O02206,C0495,2026-02-12,Home,831.22,15,5,UPI,No
O02207,C0495,2025-05-26,Books,4804.81,5,3,COD,Yes
O02208,C0495,2025-10-01,Electronics,4528.14,10,2,COD,Yes
O02209,C0495,2025-08-01,Fashion,1888.62,5,7,UPI,No
O02210,C0495,2025-12-25,Books,1224.01,10,6,Card,No
O02211,C0496,2026-06-11,Books,386.81,5,7,Card,No
O02212,C0496,2026-01-23,Beauty,4668.55,10,4,Card,No
O02213,C0496,2025-11-11,Books,2036.6,5,5,UPI,No
O02214,C0496,2026-02-28,Home,454.75,0,8,Wallet,No
O02215,C0496,2026-06-25,Electronics,3175.4,10,6,Wallet,Yes
O02216,C0497,2025-03-23,Electronics,4531.1,0,6,Wallet,No
O02217,C0498,2025-04-05,Beauty,4984.55,15,8,UPI,Yes
O02218,C0498,2025-06-04,Books,1776.96,15,5,UPI,Yes
O02219,C0499,2024-12-27,Fashion,3553.44,0,2,UPI,Yes
O02220,C0499,2024-09-30,Beauty,2301.14,10,6,UPI,Yes
O02221,C0499,2024-09-05,Electronics,4327.67,10,1,UPI,No
O02222,C0499,2024-11-02,Home,4341.55,20,3,COD,No
O02223,C0499,2025-03-10,Electronics,353.55,15,5,UPI,No
O02224,C0499,2024-10-09,Beauty,4253.72,20,8,UPI,No
O02225,C0500,2025-02-16,Home,246.67,20,7,Card,No
O02226,C0500,2025-01-10,Electronics,1175.66,10,2,COD,Yes
O02227,C0501,2025-06-30,Beauty,545.64,0,5,Card,No
O02228,C0501,2025-10-21,Home,4807.25,5,6,COD,No
O02229,C0501,2025-09-23,Electronics,419.38,0,7,UPI,No
O02230,C0501,2026-09-06,Electronics,2933.09,15,1,Wallet,Yes
O02231,C0501,2025-07-10,Books,2824.33,10,8,UPI,Yes
O02232,C0502,2025-03-20,Home,2937.32,20,5,COD,Yes
O02233,C0502,2024-09-24,Books,213.34,15,8,Card,No
O02234,C0502,2025-08-04,Home,238.64,0,3,UPI,No
O02235,C0502,2025-04-08,Home,4929.77,5,6,Wallet,Yes
O02236,C0503,2024-12-04,Fashion,3375.16,5,3,COD,No
O02237,C0504,2026-05-20,Home,4226.87,5,1,UPI,No
O02238,C0505,2025-10-17,Fashion,2084.39,20,4,UPI,No
O02239,C0505,2025-08-27,Home,4796.9,20,8,Wallet,No
O02240,C0506,2026-01-28,Fashion,1003.94,5,1,Wallet,Yes
O02241,C0506,2025-03-23,Books,4446.77,10,3,COD,Yes
O02242,C0506,2025-06-02,Electronics,1428.01,20,8,Card,Yes
O02243,C0506,2026-06-13,Fashion,749.77,5,6,UPI,Yes
O02244,C0506,2025-09-24,Electronics,2270.96,20,3,Card,Yes
O02245,C0506,2026-03-11,Beauty,4553.14,20,2,Wallet,Yes
O02246,C0506,2026-03-24,Electronics,2914.61,0,7,Wallet,Yes
O02247,C0507,2026-01-19,Fashion,3513.28,0,8,Wallet,Yes
O02248,C0507,2024-11-22,Fashion,3801.98,15,6,Card,Yes
O02249,C0507,2025-10-21,Beauty,3121.55,20,3,Wallet,Yes
O02250,C0507,2026-03-07,Electronics,1525.33,0,5,Card,Yes
O02251,C0507,2026-02-02,Fashion,980.07,20,1,Card,No
O02252,C0507,2026-04-04,Fashion,811.81,5,4,UPI,No
O02253,C0508,2024-06-29,Electronics,4637.86,15,2,COD,Yes
O02254,C0508,2024-02-26,Fashion,3431.01,0,1,Card,Yes
O02255,C0508,2024-11-25,Fashion,4698.1,5,3,Card,No
O02256,C0508,2025-07-09,Electronics,1924.04,5,3,COD,Yes
O02257,C0509,2025-03-14,Electronics,1416.64,0,4,COD,Yes
O02258,C0510,2025-12-09,Electronics,833.69,5,2,UPI,No
O02259,C0510,2025-07-08,Beauty,2454.45,0,7,Card,Yes
O02260,C0511,2025-04-08,Fashion,978.57,0,2,Wallet,No
O02261,C0511,2024-03-17,Books,2605.22,20,6,COD,No
O02262,C0511,2025-04-09,Books,2410.42,5,1,Wallet,Yes
O02263,C0511,2024-05-28,Home,2937.57,10,7,UPI,No
O02264,C0511,2024-12-21,Home,3938.25,0,5,Wallet,No
O02265,C0511,2025-04-07,Beauty,4902.54,5,5,Card,No
O02266,C0511,2025-02-18,Fashion,240.97,15,7,Card,Yes
O02267,C0512,2026-01-06,Fashion,4849.56,15,5,Card,No
O02268,C0512,2026-02-01,Electronics,1479.46,20,3,UPI,No
O02269,C0513,2025-09-29,Electronics,3269.46,20,5,Wallet,No
O02270,C0513,2025-12-12,Fashion,1164.86,5,6,COD,No
O02271,C0513,2025-11-08,Home,4467.02,20,1,Card,Yes
O02272,C0513,2026-01-07,Electronics,1451.56,5,4,UPI,Yes
O02273,C0513,2026-05-10,Books,4272.03,0,8,COD,No
O02274,C0513,2026-05-14,Beauty,4345.12,10,7,Wallet,No
O02275,C0513,2026-08-08,Home,2126.61,5,5,COD,Yes
O02276,C0514,2026-01-08,Books,2035.08,5,2,COD,Yes
O02277,C0514,2024-10-31,Home,1050.0,0,5,UPI,No
O02278,C0514,2025-06-21,Fashion,2638.62,15,6,Card,No
O02279,C0514,2025-08-27,Home,2963.44,15,7,Card,Yes
O02280,C0514,2025-04-14,Fashion,265.02,5,5,COD,Yes
O02281,C0514,2025-05-11,Home,1071.64,0,2,COD,Yes
O02282,C0514,2025-04-22,Books,4004.66,0,3,COD,No
O02283,C0515,2025-11-10,Fashion,3357.37,0,8,UPI,Yes
O02284,C0515,2026-09-27,Books,3298.96,20,2,COD,Yes
O02285,C0515,2025-08-22,Home,4673.22,20,2,Wallet,Yes
O02286,C0515,2026-01-11,Home,1728.01,10,4,Card,No
O02287,C0515,2026-08-29,Home,4028.05,15,5,UPI,Yes
O02288,C0515,2026-08-21,Electronics,1131.18,20,3,Wallet,No
O02289,C0515,2025-08-28,Books,1268.31,15,8,Card,No
O02290,C0516,2024-11-15,Electronics,1537.56,10,1,Card,No
O02291,C0517,2025-05-30,Books,321.52,5,3,Card,Yes
O02292,C0518,2024-07-05,Beauty,3100.23,0,4,Card,No
O02293,C0518,2025-12-01,Books,4069.39,5,2,UPI,Yes
O02294,C0518,2024-10-10,Home,1150.95,5,6,Wallet,Yes
O02295,C0518,2024-07-05,Beauty,3084.48,15,3,Card,No
O02296,C0518,2024-10-16,Fashion,3651.86,5,6,Card,Yes
O02297,C0518,2024-11-09,Fashion,3271.7,20,8,Card,Yes
O02298,C0518,2024-06-09,Fashion,1579.18,10,8,Card,Yes
O02299,C0519,2025-06-07,Beauty,639.86,15,1,UPI,Yes
O02300,C0519,2025-05-30,Beauty,3114.24,5,2,Card,No
O02301,C0519,2024-06-05,Electronics,673.62,5,8,Wallet,Yes
O02302,C0519,2025-04-24,Beauty,3295.07,20,4,Card,Yes
O02303,C0519,2025-09-13,Home,3397.86,20,7,COD,No
O02304,C0519,2025-08-29,Home,1161.46,5,8,Card,Yes
O02305,C0519,2024-12-04,Fashion,4914.33,5,3,UPI,Yes
O02306,C0519,2025-02-20,Home,1418.03,20,3,Card,Yes
O02307,C0520,2024-11-04,Books,1983.64,5,1,Wallet,Yes
O02308,C0520,2024-06-09,Beauty,4304.4,0,2,COD,No
O02309,C0520,2025-08-18,Electronics,1523.74,15,4,COD,Yes
O02310,C0520,2025-02-08,Fashion,3906.42,0,6,UPI,Yes
O02311,C0520,2025-05-01,Beauty,1037.67,10,1,Wallet,Yes
O02312,C0520,2025-07-30,Electronics,3352.88,10,7,COD,No
O02313,C0521,2025-02-05,Electronics,615.09,0,5,COD,No
O02314,C0521,2025-04-07,Beauty,1503.77,15,2,Card,No
O02315,C0522,2024-08-19,Home,4093.78,5,1,Wallet,Yes
O02316,C0522,2024-09-03,Electronics,541.38,5,8,UPI,Yes
O02317,C0522,2025-06-29,Beauty,551.8,5,4,Wallet,No
O02318,C0522,2025-12-05,Books,2753.51,0,8,Wallet,Yes
O02319,C0522,2024-11-02,Books,991.87,5,8,UPI,Yes
O02320,C0522,2025-01-01,Electronics,2301.68,15,7,COD,No
O02321,C0522,2025-10-23,Beauty,1891.6,10,4,Card,Yes
O02322,C0522,2024-11-20,Home,3223.83,10,7,Card,Yes
O02323,C0523,2025-09-08,Electronics,894.71,20,3,UPI,No
O02324,C0523,2025-05-28,Books,3918.06,10,8,COD,No
O02325,C0523,2026-02-18,Electronics,2503.7,5,1,Wallet,No
O02326,C0523,2026-06-13,Books,1669.62,15,7,COD,No
O02327,C0524,2025-11-29,Electronics,4474.53,10,7,COD,Yes
O02328,C0524,2024-11-23,Home,2152.19,5,6,Wallet,Yes
O02329,C0524,2024-12-08,Home,3026.54,20,7,Wallet,Yes
O02330,C0524,2026-02-18,Beauty,2318.62,10,2,Card,No
O02331,C0525,2024-05-03,Electronics,1060.38,5,6,Card,No
O02332,C0525,2025-06-22,Home,3437.22,5,7,UPI,No
O02333,C0525,2025-02-15,Beauty,4597.59,15,6,COD,No
O02334,C0525,2025-06-22,Home,3355.8,10,4,COD,No
O02335,C0525,2024-12-07,Electronics,1675.48,10,5,UPI,No
O02336,C0525,2024-12-31,Home,3814.31,10,4,Wallet,No
O02337,C0525,2024-12-12,Books,2959.62,10,5,UPI,Yes
O02338,C0525,2024-09-21,Beauty,1277.74,15,6,Card,No
O02339,C0526,2025-06-16,Beauty,697.33,15,1,Card,Yes
O02340,C0526,2025-07-02,Electronics,752.69,15,8,COD,No
O02341,C0526,2026-06-21,Books,1869.19,10,5,COD,No
O02342,C0526,2025-05-21,Electronics,4323.89,5,3,UPI,Yes
O02343,C0527,2024-11-02,Beauty,3672.97,0,4,UPI,Yes
O02344,C0527,2025-06-03,Fashion,711.85,15,2,COD,No
O02345,C0528,2026-02-27,Electronics,3214.42,20,8,Wallet,Yes
O02346,C0528,2025-10-28,Home,4733.03,20,5,COD,Yes
O02347,C0528,2025-12-09,Books,3539.66,5,7,UPI,Yes
O02348,C0528,2025-11-02,Electronics,4685.83,5,6,COD,Yes
O02349,C0528,2025-09-30,Fashion,4178.31,0,3,Card,Yes
O02350,C0528,2026-01-30,Home,2396.09,15,3,Card,Yes
O02351,C0529,2025-06-10,Beauty,3758.97,0,7,UPI,No
O02352,C0529,2024-06-03,Books,2931.59,20,5,UPI,Yes
O02353,C0529,2024-04-11,Books,3303.84,10,8,UPI,No
O02354,C0529,2024-10-06,Home,1103.95,5,1,COD,Yes
O02355,C0529,2024-06-17,Electronics,1296.23,5,6,Card,No
O02356,C0529,2025-03-18,Books,2076.05,10,3,Card,Yes
O02357,C0529,2024-08-03,Beauty,840.69,5,3,UPI,Yes
O02358,C0530,2024-01-20,Fashion,1302.66,10,4,Wallet,No
O02359,C0530,2025-04-05,Books,525.06,15,2,COD,Yes
O02360,C0530,2025-04-02,Books,4308.33,20,3,COD,No
O02361,C0530,2024-09-21,Fashion,4513.5,10,1,COD,Yes
O02362,C0531,2025-06-12,Fashion,1019.01,10,1,Card,Yes
O02363,C0531,2024-06-08,Electronics,2792.88,20,8,UPI,Yes
O02364,C0531,2025-05-09,Fashion,3644.96,10,3,UPI,No
O02365,C0531,2024-03-29,Home,2308.86,20,7,Wallet,Yes
O02366,C0531,2025-05-31,Home,3282.53,10,8,Wallet,Yes
O02367,C0532,2025-12-15,Beauty,1926.85,15,4,Card,No
O02368,C0533,2025-10-09,Books,3074.23,15,6,COD,No
O02369,C0533,2026-04-22,Fashion,3678.59,15,3,Card,Yes
O02370,C0533,2026-02-24,Fashion,2952.34,0,2,Card,Yes
O02371,C0534,2024-10-13,Beauty,3545.07,0,7,UPI,No
O02372,C0535,2025-10-30,Electronics,3071.67,20,6,COD,No
O02373,C0536,2024-09-25,Books,1042.41,10,8,Card,Yes
O02374,C0536,2025-07-11,Home,1072.58,10,1,Card,Yes
O02375,C0537,2025-03-25,Fashion,4279.99,0,4,Card,Yes
O02376,C0537,2024-12-20,Electronics,1613.25,10,8,Wallet,No
O02377,C0537,2024-03-11,Fashion,1500.62,0,1,COD,No
O02378,C0537,2025-07-31,Beauty,3484.9,10,2,Card,No
O02379,C0537,2025-07-20,Books,1435.42,15,3,Card,Yes
O02380,C0538,2025-11-06,Books,2371.28,10,8,Card,Yes
O02381,C0538,2026-05-03,Books,2922.75,0,1,Wallet,No
O02382,C0538,2025-07-25,Electronics,880.45,10,3,Card,Yes
O02383,C0538,2026-02-17,Books,761.72,5,6,UPI,Yes
O02384,C0538,2026-03-22,Fashion,1715.86,15,7,Card,No
O02385,C0539,2025-06-11,Electronics,405.18,10,7,COD,Yes
O02386,C0539,2025-11-21,Electronics,666.06,5,4,UPI,Yes
O02387,C0539,2025-09-14,Fashion,2954.7,0,4,UPI,Yes
O02388,C0539,2025-05-13,Electronics,652.93,10,3,COD,Yes
O02389,C0539,2025-12-25,Beauty,2783.97,15,7,Wallet,No
O02390,C0540,2025-02-25,Books,2870.11,10,1,COD,Yes
O02391,C0540,2024-06-02,Fashion,404.39,20,7,Wallet,No
O02392,C0540,2025-11-21,Beauty,2506.12,10,6,Wallet,No
O02393,C0540,2025-03-17,Home,4739.51,0,7,Wallet,Yes
O02394,C0540,2025-01-10,Electronics,1621.73,20,3,Card,No
O02395,C0540,2024-10-28,Fashion,1059.42,0,4,COD,Yes
O02396,C0541,2024-05-19,Beauty,1550.74,20,8,UPI,Yes
O02397,C0541,2025-05-21,Fashion,4340.96,15,8,COD,Yes
O02398,C0541,2024-07-07,Electronics,2665.7,20,4,UPI,Yes
O02399,C0541,2024-09-05,Books,4400.88,0,7,Card,Yes
O02400,C0542,2025-01-11,Fashion,1128.28,0,7,UPI,No
O02401,C0542,2024-03-20,Home,1767.86,5,3,Card,Yes
O02402,C0542,2025-01-30,Books,2855.12,20,3,Card,Yes
O02403,C0543,2025-04-22,Fashion,4681.1,20,4,Card,No
O02404,C0543,2024-08-27,Books,1229.55,0,8,COD,Yes
O02405,C0543,2025-03-19,Electronics,1049.76,5,8,Wallet,No
O02406,C0543,2024-05-22,Fashion,203.94,5,2,Card,Yes
O02407,C0543,2024-09-19,Electronics,3641.1,20,3,Card,No
O02408,C0543,2024-08-10,Beauty,2413.22,15,2,COD,Yes
O02409,C0543,2025-03-22,Books,4772.8,15,8,UPI,Yes
O02410,C0543,2025-04-08,Beauty,3826.48,5,6,UPI,Yes
O02411,C0544,2026-07-06,Electronics,3112.15,15,7,UPI,No
O02412,C0544,2026-05-18,Beauty,2981.87,10,4,COD,No
O02413,C0544,2025-09-13,Fashion,3725.24,15,1,Wallet,No
O02414,C0545,2025-03-29,Fashion,864.16,10,8,Card,No
O02415,C0545,2025-11-21,Books,1272.88,0,5,Wallet,No
O02416,C0545,2025-05-11,Books,2980.79,10,1,Wallet,Yes
O02417,C0545,2026-02-17,Electronics,2230.65,15,5,Wallet,No
O02418,C0545,2025-01-14,Home,2899.69,15,8,COD,No
O02419,C0545,2025-10-10,Beauty,2147.01,5,2,COD,Yes
O02420,C0546,2025-02-26,Books,2113.61,10,2,UPI,No
O02421,C0546,2025-05-22,Beauty,1716.98,15,3,UPI,No
O02422,C0546,2025-01-21,Fashion,767.68,15,1,Card,No
O02423,C0546,2024-09-08,Beauty,2104.2,20,5,UPI,Yes
O02424,C0546,2025-01-29,Home,1498.69,20,5,UPI,Yes
O02425,C0546,2024-07-30,Electronics,2870.15,10,4,Wallet,No
O02426,C0547,2025-11-28,Electronics,2196.77,5,4,Wallet,No
O02427,C0547,2024-12-21,Electronics,426.77,10,4,Wallet,No
O02428,C0548,2024-03-11,Books,4573.57,10,6,UPI,No
O02429,C0548,2024-09-06,Books,4162.25,15,5,UPI,No
O02430,C0548,2024-03-13,Fashion,3337.41,15,8,UPI,Yes
O02431,C0548,2024-06-17,Books,3228.91,10,4,UPI,Yes
O02432,C0549,2024-06-12,Home,2088.29,15,5,Wallet,No
O02433,C0549,2024-10-14,Books,1644.24,5,1,Card,Yes
O02434,C0549,2025-03-26,Books,4568.77,5,7,COD,No
O02435,C0550,2026-01-03,Books,1332.38,0,5,COD,No
O02436,C0551,2025-05-06,Beauty,1987.35,15,4,COD,Yes
O02437,C0551,2024-09-13,Beauty,4270.9,5,4,COD,Yes
O02438,C0551,2025-10-20,Home,4186.1,10,3,COD,Yes
O02439,C0551,2024-09-19,Electronics,997.88,5,1,Wallet,Yes
O02440,C0551,2024-12-13,Books,4743.22,5,2,Card,No
O02441,C0552,2025-08-31,Beauty,2867.29,10,6,Card,Yes
O02442,C0552,2025-07-20,Fashion,1017.49,10,6,UPI,No
O02443,C0552,2025-01-07,Books,4891.99,10,6,UPI,No
O02444,C0552,2024-11-18,Beauty,462.75,0,1,COD,No
O02445,C0553,2026-02-28,Fashion,1305.54,10,6,Card,No
O02446,C0553,2026-01-25,Electronics,4394.46,15,5,UPI,No
O02447,C0553,2025-09-06,Fashion,3571.17,10,8,COD,Yes
O02448,C0553,2024-12-10,Beauty,1800.18,20,8,UPI,Yes
O02449,C0553,2025-05-21,Books,799.1,0,4,UPI,Yes
O02450,C0554,2025-10-10,Beauty,2477.28,0,3,COD,Yes
O02451,C0555,2025-03-10,Home,1716.65,5,2,UPI,No
O02452,C0555,2025-07-13,Home,2161.25,5,4,Wallet,Yes
O02453,C0555,2024-12-15,Home,2657.04,15,2,Wallet,Yes
O02454,C0555,2025-06-29,Books,1540.24,0,7,Wallet,No
O02455,C0555,2025-09-25,Beauty,4680.87,0,7,COD,Yes
O02456,C0555,2025-04-05,Beauty,4105.44,20,3,COD,No
O02457,C0555,2025-11-17,Electronics,1457.57,20,6,UPI,Yes
O02458,C0556,2024-03-16,Home,2750.2,5,4,UPI,Yes
O02459,C0556,2025-04-22,Home,3385.14,5,5,COD,No
O02460,C0556,2024-12-07,Beauty,3733.39,20,5,Wallet,No
O02461,C0556,2025-05-21,Books,1019.34,10,6,COD,Yes
O02462,C0557,2025-07-12,Beauty,2317.32,20,8,UPI,Yes
O02463,C0557,2026-03-02,Beauty,2738.32,15,4,UPI,No
O02464,C0557,2025-05-14,Home,4645.91,10,5,UPI,No
O02465,C0558,2026-07-31,Fashion,703.09,0,3,Card,No
O02466,C0558,2026-05-01,Electronics,4274.82,20,2,Card,No
O02467,C0558,2025-05-03,Beauty,1520.49,0,6,UPI,Yes
O02468,C0558,2025-05-29,Home,2337.42,10,1,Card,No
O02469,C0558,2026-04-20,Home,3008.97,0,4,COD,Yes
O02470,C0558,2026-06-01,Home,4813.69,5,1,Card,No
O02471,C0558,2025-03-03,Electronics,3781.42,20,2,Card,Yes
O02472,C0559,2024-11-16,Home,845.13,0,6,Card,No
O02473,C0559,2024-02-19,Beauty,2955.05,0,6,UPI,Yes
O02474,C0559,2024-10-23,Home,1773.15,5,3,Wallet,Yes
O02475,C0559,2025-02-20,Beauty,534.46,15,6,Card,No
O02476,C0559,2025-02-21,Electronics,871.33,5,8,COD,No
O02477,C0559,2024-09-14,Beauty,1203.13,0,4,UPI,No
O02478,C0559,2024-12-01,Electronics,4882.05,10,7,COD,No
O02479,C0559,2024-09-15,Books,612.55,15,6,Card,No
O02480,C0560,2025-08-11,Fashion,1381.28,20,1,Card,No
O02481,C0560,2026-02-27,Fashion,1072.21,20,1,Wallet,No
O02482,C0560,2025-12-11,Home,222.49,5,4,UPI,No
O02483,C0560,2025-07-06,Electronics,1430.84,0,7,UPI,No
O02484,C0560,2025-09-14,Home,3246.11,20,4,COD,No
O02485,C0560,2025-07-16,Electronics,405.7,0,6,Card,Yes
O02486,C0560,2025-03-05,Electronics,2553.99,10,4,Card,No
O02487,C0561,2025-05-07,Beauty,2375.78,10,4,Card,Yes
O02488,C0561,2025-09-28,Books,2960.64,15,1,Wallet,No
O02489,C0561,2024-08-06,Beauty,2934.41,20,3,COD,No
O02490,C0561,2025-05-06,Electronics,4381.61,5,6,COD,No
O02491,C0561,2024-12-20,Books,4260.12,10,2,Card,Yes
O02492,C0562,2025-08-29,Fashion,3923.17,10,1,Card,Yes
O02493,C0562,2026-04-28,Books,2568.4,10,8,Card,Yes
O02494,C0562,2025-07-02,Books,2142.57,0,8,COD,Yes
O02495,C0562,2025-07-21,Beauty,3643.81,0,1,COD,Yes
O02496,C0562,2026-05-03,Electronics,4164.34,5,7,Card,No
O02497,C0562,2025-04-10,Electronics,1873.67,10,3,UPI,Yes
O02498,C0562,2025-07-21,Home,4493.31,15,1,Wallet,Yes
O02499,C0563,2025-05-25,Electronics,3509.44,20,5,Card,Yes
O02500,C0564,2024-07-18,Electronics,3182.64,5,5,Card,No
O02501,C0564,2025-09-07,Fashion,335.17,15,8,COD,No
O02502,C0565,2024-09-09,Home,1090.51,5,1,Card,No
O02503,C0565,2024-07-26,Electronics,717.84,5,1,COD,No
O02504,C0565,2025-10-05,Fashion,2271.78,0,7,Wallet,Yes
O02505,C0565,2024-09-14,Fashion,2821.55,0,8,Card,Yes
O02506,C0565,2024-05-17,Books,3053.87,15,4,Card,Yes
O02507,C0566,2026-02-08,Electronics,2483.82,0,6,UPI,No
O02508,C0566,2025-06-26,Electronics,855.5,15,1,Card,No
O02509,C0566,2025-01-19,Books,1109.63,5,1,Card,Yes
O02510,C0566,2025-02-08,Beauty,1180.13,0,7,Wallet,Yes
O02511,C0566,2025-11-23,Electronics,2578.95,0,3,COD,No
O02512,C0566,2025-08-02,Books,3768.71,0,2,Card,Yes
O02513,C0567,2024-10-25,Fashion,4919.6,10,3,COD,Yes
O02514,C0567,2025-03-07,Books,1930.62,0,2,Card,No
O02515,C0567,2025-03-04,Electronics,1230.43,5,5,UPI,No
O02516,C0567,2025-07-09,Books,3761.16,5,8,Wallet,Yes
O02517,C0567,2025-04-01,Home,3437.13,10,7,UPI,Yes
O02518,C0567,2025-01-11,Books,2457.56,20,2,COD,Yes
O02519,C0567,2025-01-15,Home,1497.67,20,6,COD,Yes
O02520,C0568,2025-06-07,Fashion,4784.4,15,2,Wallet,No
O02521,C0568,2026-01-14,Books,4447.5,20,5,Wallet,No
O02522,C0569,2025-01-19,Beauty,2389.7,5,1,Wallet,Yes
O02523,C0569,2024-06-26,Home,2945.06,20,8,Card,Yes
O02524,C0569,2025-05-27,Books,1643.72,20,1,Card,No
O02525,C0569,2024-07-14,Fashion,4201.31,10,6,COD,No
O02526,C0569,2024-12-07,Beauty,2355.43,5,1,UPI,Yes
O02527,C0570,2025-03-21,Fashion,3629.2,0,1,Card,Yes
O02528,C0570,2026-03-08,Electronics,3494.33,10,3,COD,Yes
O02529,C0570,2025-05-22,Electronics,3854.54,0,1,UPI,No
O02530,C0571,2024-08-29,Beauty,3138.49,20,1,UPI,Yes
O02531,C0571,2025-01-21,Electronics,771.73,20,1,UPI,No
O02532,C0571,2024-10-10,Books,4137.92,5,3,Wallet,No
O02533,C0571,2024-06-22,Home,2063.38,20,6,UPI,No
O02534,C0572,2026-02-12,Fashion,1531.18,15,4,UPI,Yes
O02535,C0573,2025-11-27,Home,643.84,10,6,Card,No
O02536,C0573,2025-06-08,Home,4869.34,0,4,UPI,No
O02537,C0574,2024-05-15,Beauty,2343.09,20,7,COD,No
O02538,C0574,2025-01-19,Books,4343.5,5,7,UPI,Yes
O02539,C0574,2024-06-13,Electronics,2842.57,5,5,UPI,Yes
O02540,C0574,2024-09-03,Beauty,3332.57,10,8,UPI,Yes
O02541,C0574,2025-05-20,Beauty,875.54,0,6,Wallet,No
O02542,C0574,2025-03-13,Fashion,4543.21,10,8,Card,No
O02543,C0574,2025-02-28,Home,966.89,15,4,UPI,Yes
O02544,C0575,2025-05-05,Books,714.48,0,2,Card,No
O02545,C0575,2025-05-20,Books,2909.41,0,5,UPI,Yes
O02546,C0575,2025-09-18,Electronics,3087.75,10,4,Wallet,No
O02547,C0576,2025-04-27,Fashion,616.0,5,2,Card,No
O02548,C0576,2024-03-24,Electronics,1884.07,10,3,COD,Yes
O02549,C0576,2025-06-06,Home,3730.06,5,7,COD,No
O02550,C0577,2024-12-09,Fashion,4896.65,10,7,Wallet,Yes
O02551,C0577,2024-11-01,Fashion,3185.79,0,6,COD,No
O02552,C0577,2025-02-09,Books,4827.39,5,5,COD,Yes
O02553,C0578,2025-12-28,Electronics,1011.57,5,6,Wallet,Yes
O02554,C0578,2025-08-06,Beauty,2374.7,15,1,Wallet,No
O02555,C0578,2025-06-23,Fashion,4673.04,5,7,COD,Yes
O02556,C0578,2025-09-24,Beauty,4442.6,15,7,COD,No
O02557,C0578,2025-10-26,Fashion,2441.99,20,2,UPI,Yes
O02558,C0578,2025-07-04,Electronics,272.21,20,7,COD,No
O02559,C0578,2025-05-03,Fashion,4873.06,10,3,COD,Yes
O02560,C0579,2024-11-10,Electronics,4747.88,10,3,Wallet,No
O02561,C0579,2025-06-06,Beauty,985.41,5,5,UPI,No
O02562,C0579,2025-03-17,Electronics,4044.94,0,2,Wallet,Yes
O02563,C0579,2024-08-28,Fashion,2749.74,0,8,Wallet,Yes
O02564,C0579,2025-04-17,Beauty,1281.67,20,5,Card,Yes
O02565,C0579,2025-11-29,Beauty,2680.72,0,7,Wallet,No
O02566,C0579,2025-02-27,Home,4357.62,0,1,UPI,Yes
O02567,C0580,2025-01-14,Fashion,594.86,0,3,UPI,No
O02568,C0580,2024-05-26,Electronics,1692.59,5,7,Wallet,Yes
O02569,C0580,2024-07-15,Electronics,3624.94,0,7,Card,Yes
O02570,C0580,2024-06-06,Electronics,4997.61,20,4,Wallet,Yes
O02571,C0581,2024-12-12,Electronics,4611.12,5,8,UPI,No
O02572,C0581,2024-05-23,Beauty,3030.53,15,8,UPI,Yes
O02573,C0581,2025-03-15,Home,4443.71,20,3,UPI,No
O02574,C0581,2024-05-22,Books,2992.81,20,5,COD,No
O02575,C0582,2026-03-31,Electronics,1272.59,0,3,Wallet,Yes
O02576,C0582,2026-10-10,Beauty,3444.78,0,8,Wallet,Yes
O02577,C0582,2026-08-09,Fashion,3073.97,15,1,UPI,No
O02578,C0582,2025-08-03,Beauty,2248.41,15,2,Card,Yes
O02579,C0582,2025-11-10,Home,3448.86,15,7,Wallet,Yes
O02580,C0582,2026-10-17,Fashion,1150.23,0,6,Wallet,No
O02581,C0582,2025-08-03,Fashion,4518.42,10,1,UPI,No
O02582,C0582,2026-04-12,Electronics,2434.51,5,1,COD,No
O02583,C0583,2024-08-12,Books,2075.37,20,1,Wallet,No
O02584,C0583,2025-07-20,Electronics,1445.99,15,8,Wallet,No
O02585,C0583,2024-06-16,Fashion,2297.27,20,2,COD,Yes
O02586,C0584,2024-07-13,Books,2064.3,0,1,Card,Yes
O02587,C0584,2025-02-22,Fashion,422.82,10,5,Card,Yes
O02588,C0584,2024-09-30,Beauty,2973.86,10,5,UPI,Yes
O02589,C0584,2024-03-11,Books,249.05,20,2,UPI,Yes
O02590,C0584,2025-01-04,Fashion,4319.13,0,1,COD,Yes
O02591,C0585,2025-08-30,Fashion,3621.99,20,4,COD,Yes
O02592,C0585,2025-05-26,Electronics,2839.76,10,2,UPI,Yes
O02593,C0585,2025-04-21,Home,4578.0,5,7,Wallet,No
O02594,C0585,2024-11-15,Beauty,1736.28,10,4,COD,Yes
O02595,C0585,2024-11-30,Books,2820.84,15,2,COD,Yes
O02596,C0586,2025-02-22,Books,1938.95,0,3,Wallet,Yes
O02597,C0586,2024-10-28,Fashion,3724.89,10,1,COD,No
O02598,C0587,2025-06-17,Books,376.06,0,2,UPI,No
O02599,C0587,2025-08-20,Electronics,493.5,10,8,Wallet,No
O02600,C0587,2026-05-31,Books,2751.48,0,4,Card,Yes
O02601,C0587,2026-06-06,Beauty,1726.64,0,4,Card,No
O02602,C0587,2025-11-23,Beauty,4142.42,10,5,Wallet,Yes
O02603,C0587,2026-02-20,Home,439.09,10,3,Wallet,No
O02604,C0587,2025-06-24,Beauty,4488.81,20,3,COD,Yes
O02605,C0587,2026-04-28,Fashion,2199.77,0,5,Wallet,No
O02606,C0588,2025-11-27,Books,1199.58,15,7,Card,No
O02607,C0588,2025-04-23,Beauty,1245.86,15,7,UPI,No
O02608,C0588,2025-01-15,Beauty,4027.19,5,7,Card,Yes
O02609,C0588,2025-11-23,Home,3944.83,0,4,COD,Yes
O02610,C0589,2026-02-19,Beauty,3762.58,15,6,Wallet,No
O02611,C0589,2024-12-27,Books,1708.5,15,6,UPI,No
O02612,C0589,2026-05-14,Books,3057.82,10,8,COD,No
O02613,C0589,2025-05-29,Beauty,2294.4,0,2,Card,No
O02614,C0590,2025-06-26,Electronics,3697.49,5,3,Card,Yes
O02615,C0590,2025-07-23,Books,695.78,10,2,Wallet,No
O02616,C0590,2024-07-18,Books,4849.82,5,2,UPI,No
O02617,C0591,2024-12-21,Beauty,4218.32,20,7,Card,Yes
O02618,C0591,2025-04-09,Books,1043.46,20,2,UPI,Yes
O02619,C0591,2024-09-21,Books,1098.47,20,3,UPI,Yes
O02620,C0591,2024-12-19,Home,1085.05,15,7,UPI,Yes
O02621,C0591,2025-05-28,Books,2822.56,15,2,UPI,Yes
O02622,C0592,2026-02-02,Home,3489.2,20,1,Card,Yes
O02623,C0593,2025-04-25,Books,2972.35,5,2,COD,No
O02624,C0593,2025-06-22,Beauty,4898.66,5,1,UPI,No
O02625,C0593,2025-03-03,Home,1448.53,20,3,COD,Yes
O02626,C0593,2024-11-15,Fashion,3743.17,15,4,Card,No
O02627,C0593,2024-10-06,Fashion,2796.41,20,2,UPI,No
O02628,C0594,2024-06-23,Books,802.11,15,7,Wallet,No
O02629,C0594,2024-10-16,Beauty,2377.36,10,3,COD,Yes
O02630,C0594,2025-09-06,Electronics,1470.92,15,6,UPI,No
O02631,C0594,2025-02-26,Books,4117.11,10,7,Wallet,Yes
O02632,C0594,2024-10-14,Electronics,414.06,20,1,Card,Yes
O02633,C0594,2024-10-10,Home,1093.62,10,2,Card,Yes
O02634,C0594,2025-02-04,Beauty,1443.43,5,1,Card,Yes
O02635,C0595,2025-03-05,Fashion,1916.1,10,1,COD,No
O02636,C0595,2024-08-27,Home,744.91,10,4,COD,Yes
O02637,C0595,2025-02-14,Fashion,4305.52,20,5,Card,Yes
O02638,C0596,2025-06-19,Home,834.86,20,1,Card,Yes
O02639,C0596,2024-08-16,Home,4191.94,0,5,Card,Yes
O02640,C0596,2025-07-07,Home,3944.36,20,7,Card,Yes
O02641,C0597,2024-05-18,Beauty,2509.39,10,5,COD,Yes
O02642,C0597,2024-05-08,Fashion,4550.79,20,7,COD,Yes
O02643,C0597,2024-09-26,Beauty,4528.1,0,6,Card,Yes
O02644,C0597,2025-04-11,Electronics,2342.43,15,4,COD,Yes
O02645,C0598,2025-11-27,Home,925.49,15,7,UPI,Yes
O02646,C0598,2025-01-31,Electronics,4473.71,15,7,Card,Yes
O02647,C0598,2025-01-09,Beauty,2941.19,10,3,COD,Yes
O02648,C0598,2025-10-08,Electronics,493.21,0,3,COD,Yes
O02649,C0598,2025-12-10,Electronics,1902.2,10,6,Card,Yes
O02650,C0598,2025-04-17,Home,2993.06,5,2,UPI,No
O02651,C0598,2026-05-16,Fashion,4603.16,10,8,Wallet,Yes
O02652,C0598,2026-01-23,Fashion,3523.64,5,5,UPI,Yes
O02653,C0599,2025-07-01,Home,3732.58,20,1,Wallet,No
O02654,C0599,2025-02-09,Beauty,2270.83,5,7,Card,Yes
O02655,C0600,2026-01-24,Fashion,4388.51,10,1,Wallet,No
O02656,C0600,2026-04-11,Beauty,1519.7,10,6,Card,Yes
O02657,C0601,2025-11-06,Books,286.35,15,5,Card,Yes
O02658,C0601,2026-05-20,Home,1664.69,10,4,UPI,No
O02659,C0601,2025-11-02,Fashion,2866.16,10,3,UPI,Yes
O02660,C0601,2026-11-11,Fashion,1080.08,10,7,Wallet,Yes
O02661,C0601,2026-07-09,Fashion,1105.77,0,5,UPI,Yes
O02662,C0601,2025-10-27,Electronics,1379.28,10,5,Card,Yes
O02663,C0601,2025-05-27,Books,3106.33,5,7,Wallet,Yes
O02664,C0602,2025-03-14,Electronics,2265.48,15,3,COD,Yes
O02665,C0603,2024-08-22,Beauty,1378.93,20,4,Card,Yes
O02666,C0603,2024-06-23,Electronics,1629.82,0,8,Card,No
O02667,C0604,2026-06-28,Home,2532.1,15,1,COD,No
O02668,C0604,2025-07-04,Electronics,4632.65,15,7,Wallet,Yes
O02669,C0604,2026-04-17,Electronics,1550.62,0,6,COD,Yes
O02670,C0605,2025-11-04,Electronics,3363.37,5,4,Card,No
O02671,C0605,2024-12-21,Home,259.67,0,5,Wallet,No
O02672,C0605,2025-01-13,Books,4705.72,10,2,COD,No
O02673,C0605,2024-12-23,Books,4593.89,5,4,Wallet,No
O02674,C0605,2025-09-27,Books,2712.12,0,8,Wallet,Yes
O02675,C0605,2025-05-10,Beauty,3101.14,0,3,COD,No
O02676,C0605,2024-11-05,Electronics,2472.23,20,6,Wallet,Yes
O02677,C0605,2024-11-22,Beauty,4212.29,20,8,Card,Yes
O02678,C0606,2025-09-01,Electronics,1676.73,15,5,Card,Yes
O02679,C0606,2025-03-05,Fashion,1857.68,20,6,Wallet,No
O02680,C0606,2025-09-05,Fashion,2937.31,10,1,COD,No
O02681,C0606,2025-01-19,Books,2016.8,20,3,UPI,No
O02682,C0607,2025-02-21,Beauty,3333.62,10,1,Card,No
O02683,C0607,2025-11-04,Fashion,2512.2,0,5,Wallet,No
O02684,C0607,2025-08-16,Electronics,1742.18,20,1,Card,No
O02685,C0607,2026-06-18,Electronics,572.73,10,7,Wallet,No
O02686,C0607,2025-03-25,Beauty,1609.28,20,8,COD,No
O02687,C0608,2025-04-13,Books,4416.66,15,5,Card,No
O02688,C0608,2024-12-14,Home,2139.83,10,2,UPI,No
O02689,C0608,2025-09-30,Electronics,3783.42,5,1,Wallet,No
O02690,C0608,2024-10-06,Electronics,2968.95,20,2,COD,No
O02691,C0608,2024-05-30,Electronics,3548.02,10,7,Card,No
O02692,C0608,2025-06-14,Electronics,3813.91,10,7,UPI,Yes
O02693,C0608,2024-12-28,Beauty,2332.19,20,7,Card,Yes
O02694,C0608,2024-05-16,Fashion,2102.52,0,8,Wallet,No
O02695,C0609,2026-02-28,Beauty,2169.5,10,8,UPI,Yes
O02696,C0609,2026-06-02,Home,2370.19,5,7,COD,Yes
O02697,C0609,2026-01-25,Beauty,2459.5,15,4,Card,No
O02698,C0610,2025-11-02,Electronics,4034.34,10,6,Card,Yes
O02699,C0611,2025-05-19,Books,2816.31,0,7,Wallet,No
O02700,C0611,2025-09-27,Electronics,1096.73,15,1,Card,Yes
O02701,C0611,2026-06-29,Beauty,1119.96,20,3,UPI,Yes
O02702,C0611,2026-07-16,Books,775.99,10,3,Card,Yes
O02703,C0611,2026-06-18,Beauty,634.1,15,1,COD,No
O02704,C0611,2025-08-23,Fashion,2145.08,0,5,Card,Yes
O02705,C0611,2025-05-29,Home,3437.94,10,4,UPI,Yes
O02706,C0612,2025-06-18,Beauty,3074.31,10,2,Wallet,Yes
O02707,C0613,2025-06-10,Fashion,3764.0,0,5,Card,Yes
O02708,C0613,2025-04-24,Books,3678.46,15,2,UPI,No
O02709,C0613,2025-01-22,Fashion,4778.47,0,5,COD,Yes
O02710,C0613,2024-04-17,Beauty,2022.15,5,5,UPI,No
O02711,C0614,2024-02-26,Books,4697.2,10,3,UPI,No
O02712,C0614,2024-02-20,Beauty,1177.22,0,1,Wallet,Yes
O02713,C0614,2025-02-16,Beauty,921.07,15,3,Card,No
O02714,C0614,2024-11-03,Electronics,4243.75,0,6,Wallet,Yes
O02715,C0614,2025-06-13,Beauty,2636.68,5,6,Wallet,No
O02716,C0614,2024-04-01,Books,561.26,20,1,UPI,No
O02717,C0614,2024-04-23,Books,1023.15,15,8,Card,Yes
O02718,C0614,2024-02-04,Fashion,2745.84,20,1,UPI,No
O02719,C0615,2024-10-27,Home,1546.93,20,4,Wallet,Yes
O02720,C0615,2024-10-16,Electronics,1803.24,0,8,Card,Yes
O02721,C0615,2024-11-28,Home,4090.43,5,3,COD,Yes
O02722,C0615,2025-03-23,Fashion,3064.02,5,2,Wallet,No
O02723,C0616,2025-06-26,Fashion,4150.01,20,1,Wallet,No
O02724,C0616,2024-05-08,Fashion,832.92,15,5,COD,Yes
O02725,C0616,2025-03-19,Fashion,401.74,15,6,COD,Yes
O02726,C0616,2025-11-04,Home,4112.73,0,6,Card,No
O02727,C0616,2025-02-10,Electronics,4233.92,10,3,Wallet,No
O02728,C0616,2025-01-17,Books,2685.3,15,5,Card,Yes
O02729,C0616,2024-09-15,Books,1307.94,15,1,Wallet,No
O02730,C0616,2025-02-22,Home,3009.47,20,3,COD,No
O02731,C0617,2026-01-28,Fashion,1092.78,5,7,Wallet,Yes
O02732,C0618,2024-07-06,Books,1107.89,20,6,Card,Yes
O02733,C0618,2024-08-14,Books,1738.96,20,8,Wallet,No
O02734,C0618,2025-04-12,Books,3132.39,0,6,COD,Yes
O02735,C0618,2024-09-15,Electronics,1423.07,20,3,COD,Yes
O02736,C0618,2024-04-13,Beauty,1771.38,0,4,Card,Yes
O02737,C0618,2025-02-22,Electronics,247.25,10,1,COD,Yes
O02738,C0618,2025-04-28,Beauty,4663.74,0,3,COD,Yes
O02739,C0619,2025-07-12,Home,280.08,5,8,Wallet,Yes
O02740,C0619,2025-04-15,Home,3038.9,15,7,COD,Yes
O02741,C0619,2025-07-29,Home,1624.89,20,1,Card,Yes
O02742,C0619,2026-08-26,Fashion,1076.73,0,6,Wallet,No
O02743,C0619,2026-05-25,Beauty,3121.43,10,2,Wallet,Yes
O02744,C0620,2026-05-30,Electronics,2762.95,15,1,COD,Yes
O02745,C0620,2025-04-16,Books,2353.14,0,7,Wallet,No
O02746,C0620,2026-08-18,Electronics,934.09,10,5,Card,No
O02747,C0620,2026-08-29,Home,1436.61,5,3,UPI,Yes
O02748,C0620,2026-08-20,Books,3370.29,0,6,UPI,Yes
O02749,C0620,2026-09-04,Fashion,2552.92,0,4,Wallet,No
O02750,C0621,2025-01-08,Beauty,4199.96,5,2,Wallet,Yes
O02751,C0621,2024-09-04,Home,2406.18,5,4,COD,No
O02752,C0621,2024-11-09,Beauty,4263.82,20,5,UPI,No
O02753,C0622,2025-07-29,Books,4934.94,15,1,COD,Yes
O02754,C0622,2024-11-22,Beauty,3974.85,10,1,UPI,No
O02755,C0622,2025-05-12,Beauty,4812.87,20,3,COD,Yes
O02756,C0622,2025-06-11,Home,1888.04,0,4,UPI,No
O02757,C0623,2025-08-12,Home,4496.95,10,8,Wallet,No
O02758,C0623,2025-05-30,Books,3090.93,0,2,Wallet,No
O02759,C0624,2024-11-24,Beauty,4485.38,10,2,UPI,Yes
O02760,C0624,2024-06-04,Fashion,1055.41,20,1,Wallet,No
O02761,C0624,2024-06-15,Fashion,3882.46,20,1,COD,No
O02762,C0624,2024-10-14,Books,3216.04,20,1,UPI,Yes
O02763,C0624,2025-02-07,Electronics,1744.14,15,6,COD,No
O02764,C0625,2025-12-15,Fashion,3660.0,0,3,Card,No
O02765,C0625,2025-11-02,Beauty,1465.51,20,1,UPI,No
O02766,C0625,2026-05-13,Electronics,404.34,20,8,Card,Yes
O02767,C0625,2025-04-29,Beauty,3077.53,10,2,Card,Yes
O02768,C0626,2024-05-30,Beauty,661.99,10,5,UPI,No
O02769,C0626,2024-08-02,Fashion,4041.64,0,4,UPI,No
O02770,C0626,2024-03-22,Fashion,1617.29,5,8,UPI,No
O02771,C0626,2024-10-06,Electronics,3082.97,15,8,Wallet,No
O02772,C0626,2025-02-24,Books,3613.61,0,5,Card,Yes
O02773,C0626,2024-05-09,Home,2330.21,15,2,UPI,No
O02774,C0626,2024-10-24,Books,2967.58,15,7,Wallet,Yes
O02775,C0627,2025-03-25,Fashion,1943.85,15,1,UPI,No
O02776,C0627,2025-04-08,Beauty,822.75,15,8,UPI,Yes
O02777,C0627,2026-04-24,Home,2681.3,0,1,Wallet,Yes
O02778,C0627,2025-05-04,Books,2101.89,0,4,COD,Yes
O02779,C0627,2025-08-02,Books,3708.48,10,2,UPI,Yes
O02780,C0627,2025-04-03,Beauty,4325.99,0,1,Card,Yes
O02781,C0627,2025-11-20,Home,3267.65,5,3,UPI,No
O02782,C0628,2025-07-03,Beauty,1310.07,5,2,Wallet,Yes
O02783,C0628,2024-08-12,Electronics,3191.75,5,7,Wallet,No
O02784,C0628,2025-11-09,Home,4685.33,10,6,Card,Yes
O02785,C0628,2025-05-15,Home,1571.98,10,5,Card,Yes
O02786,C0628,2024-10-28,Beauty,2875.7,20,2,Wallet,No
O02787,C0628,2025-06-16,Home,2741.08,10,5,Wallet,No
O02788,C0628,2024-11-30,Fashion,4361.39,0,6,Wallet,No
O02789,C0628,2024-08-15,Books,1711.51,0,7,Card,No
O02790,C0629,2024-03-25,Books,2348.7,5,5,Wallet,No
O02791,C0629,2024-03-10,Electronics,829.19,10,6,COD,Yes
O02792,C0629,2024-05-05,Electronics,1997.4,0,4,Wallet,Yes
O02793,C0629,2024-05-25,Home,2231.17,15,2,UPI,No
O02794,C0629,2025-08-15,Home,2312.18,5,1,Card,No
O02795,C0629,2024-12-28,Beauty,560.26,10,4,COD,No
O02796,C0629,2024-11-20,Home,471.75,10,7,Card,Yes
O02797,C0630,2025-11-06,Beauty,3668.87,0,2,Wallet,No
O02798,C0631,2026-07-22,Beauty,1784.47,5,2,Card,No
O02799,C0631,2026-09-27,Books,1466.45,20,8,UPI,No
O02800,C0631,2026-08-31,Fashion,436.04,15,3,Wallet,Yes
O02801,C0631,2026-02-04,Electronics,1372.93,20,1,Card,Yes
O02802,C0632,2024-07-27,Beauty,4281.48,15,3,Card,Yes
O02803,C0632,2024-08-17,Home,2914.51,10,7,UPI,Yes
O02804,C0632,2024-05-30,Books,1746.37,15,3,Wallet,Yes
O02805,C0632,2024-10-05,Fashion,993.62,20,8,Card,Yes
O02806,C0633,2025-09-06,Beauty,3492.85,0,1,COD,Yes
O02807,C0633,2025-03-12,Fashion,2231.74,5,4,COD,No
O02808,C0633,2025-05-26,Books,1219.61,0,5,Card,Yes
O02809,C0634,2025-11-16,Books,3512.21,0,3,Wallet,No
O02810,C0634,2026-05-06,Fashion,2928.29,20,2,Card,Yes
O02811,C0634,2025-03-16,Home,218.14,5,7,Card,Yes
O02812,C0634,2025-08-21,Fashion,3912.59,5,7,Wallet,No
O02813,C0634,2026-06-07,Electronics,2440.94,15,4,UPI,No
O02814,C0634,2026-04-01,Electronics,4657.18,15,8,UPI,Yes
O02815,C0635,2025-08-29,Fashion,1013.44,10,5,UPI,Yes
O02816,C0635,2026-02-09,Electronics,3997.21,5,5,Wallet,No
O02817,C0635,2024-10-31,Books,3441.91,10,7,Card,No
O02818,C0635,2026-01-20,Beauty,2217.19,0,6,Wallet,Yes
O02819,C0635,2024-10-27,Books,4245.29,5,4,COD,No
O02820,C0635,2025-07-08,Home,4740.15,20,2,Wallet,No
O02821,C0636,2025-10-20,Beauty,3793.1,0,5,COD,No
O02822,C0636,2024-07-16,Home,3028.53,0,6,COD,Yes
O02823,C0636,2024-11-04,Home,4153.02,5,7,Card,Yes
O02824,C0636,2025-01-24,Books,4881.73,0,5,Card,Yes
O02825,C0637,2025-02-22,Fashion,3156.41,10,6,UPI,Yes
O02826,C0637,2024-06-04,Books,1075.77,5,8,Card,Yes
O02827,C0638,2025-08-18,Home,4168.21,15,3,Wallet,No
O02828,C0638,2025-04-29,Fashion,4266.77,5,3,Wallet,No
O02829,C0638,2025-04-23,Electronics,1783.17,15,5,UPI,No
O02830,C0638,2025-05-12,Home,4939.76,20,4,COD,No
O02831,C0638,2026-01-02,Books,2444.19,0,5,COD,No
O02832,C0639,2024-12-21,Fashion,4310.32,5,8,Wallet,Yes
O02833,C0639,2025-02-07,Beauty,4229.17,5,1,Wallet,Yes
O02834,C0639,2026-01-15,Electronics,2123.73,15,1,COD,No
O02835,C0639,2025-11-09,Home,3715.78,10,7,Wallet,No
O02836,C0640,2024-09-25,Home,4957.75,15,3,Wallet,No
O02837,C0640,2024-06-20,Beauty,232.87,15,7,COD,No
O02838,C0640,2025-12-10,Electronics,4308.01,10,5,UPI,No
O02839,C0640,2025-07-11,Electronics,1893.92,5,6,Card,No
O02840,C0640,2025-04-20,Home,1448.06,0,8,Card,Yes
O02841,C0640,2025-01-07,Electronics,2740.56,20,7,Card,No
O02842,C0641,2025-11-03,Beauty,2159.4,10,1,COD,Yes
O02843,C0642,2025-05-31,Electronics,4027.11,20,6,Card,Yes
O02844,C0642,2026-01-24,Home,3784.2,20,4,UPI,No
O02845,C0642,2025-06-21,Beauty,4153.63,15,8,Wallet,Yes
O02846,C0643,2025-06-27,Beauty,1206.78,10,7,UPI,No
O02847,C0643,2026-01-26,Fashion,4588.99,10,8,Wallet,No
O02848,C0643,2026-01-07,Beauty,4941.71,10,1,Wallet,Yes
O02849,C0643,2025-11-19,Beauty,3448.79,20,6,UPI,Yes
O02850,C0643,2026-05-23,Home,205.23,5,5,UPI,Yes
O02851,C0644,2025-05-29,Fashion,2449.49,0,5,Card,Yes
O02852,C0644,2026-08-05,Home,3391.94,20,8,Wallet,No
O02853,C0644,2026-05-18,Home,3126.38,0,2,Wallet,No
O02854,C0644,2026-10-29,Electronics,3663.85,20,4,Card,No
O02855,C0644,2026-10-26,Electronics,4394.2,20,5,Wallet,Yes
O02856,C0645,2025-05-10,Beauty,3668.34,10,7,Card,No
O02857,C0646,2025-02-17,Books,3559.01,5,7,Card,Yes
O02858,C0646,2025-08-19,Books,642.91,20,2,Card,No
O02859,C0646,2025-01-01,Home,4454.5,20,6,COD,No
O02860,C0646,2024-08-27,Fashion,4681.11,5,3,Wallet,Yes
O02861,C0646,2025-03-17,Books,3338.06,20,2,UPI,Yes
O02862,C0646,2025-01-26,Electronics,1294.4,15,1,COD,No
O02863,C0646,2025-11-05,Books,467.02,15,5,COD,No
O02864,C0646,2024-10-15,Books,3210.18,15,8,COD,No
O02865,C0647,2025-07-31,Beauty,2668.1,0,6,COD,No
O02866,C0647,2024-06-12,Home,2877.57,20,5,Wallet,Yes
O02867,C0647,2025-06-02,Beauty,4168.52,10,4,Wallet,No
O02868,C0647,2024-11-10,Electronics,2720.59,15,3,Wallet,Yes
O02869,C0648,2024-04-16,Electronics,3233.77,20,6,UPI,Yes
O02870,C0648,2025-09-05,Beauty,3289.16,5,2,UPI,No
O02871,C0649,2025-04-14,Books,3013.45,5,4,Card,No
O02872,C0650,2025-08-18,Electronics,3115.87,5,8,COD,Yes
O02873,C0650,2025-12-15,Beauty,2555.98,20,8,Wallet,Yes
O02874,C0650,2025-04-24,Electronics,1823.93,15,8,Wallet,Yes
O02875,C0650,2025-01-22,Electronics,3876.52,10,4,COD,No
O02876,C0650,2024-11-23,Books,3470.46,0,6,COD,Yes
O02877,C0650,2025-01-14,Beauty,2719.03,10,4,COD,No
O02878,C0650,2024-11-25,Electronics,1693.66,0,4,COD,Yes
O02879,C0651,2025-05-03,Books,4283.99,20,4,Wallet,Yes
O02880,C0651,2025-05-05,Beauty,3213.37,20,7,UPI,Yes
O02881,C0651,2025-08-29,Beauty,4416.04,15,8,UPI,Yes
O02882,C0651,2025-01-30,Home,3266.29,10,5,Wallet,No
O02883,C0652,2025-07-22,Home,3683.02,0,7,UPI,No
O02884,C0652,2024-12-24,Books,4700.63,5,6,Wallet,Yes
O02885,C0652,2024-09-13,Home,1904.32,15,8,Card,Yes
O02886,C0652,2025-08-07,Beauty,1320.9,5,7,UPI,Yes
O02887,C0653,2025-04-02,Fashion,4980.46,5,4,COD,Yes
O02888,C0653,2025-11-05,Electronics,4301.77,20,6,COD,No
O02889,C0653,2025-06-27,Electronics,2998.77,15,7,Card,No
O02890,C0653,2025-08-11,Home,4014.6,15,8,Card,Yes
O02891,C0653,2025-10-05,Beauty,3766.45,10,6,UPI,No
O02892,C0654,2025-04-27,Fashion,263.01,0,3,UPI,No
O02893,C0655,2025-08-20,Books,4221.33,0,8,COD,Yes
O02894,C0655,2026-02-27,Electronics,4092.13,5,5,Card,No
O02895,C0655,2025-08-08,Fashion,3389.3,0,4,Card,No
O02896,C0655,2025-10-08,Beauty,4852.37,20,1,Wallet,Yes
O02897,C0656,2025-06-14,Books,790.95,15,7,Wallet,Yes
O02898,C0656,2024-03-02,Books,869.84,5,6,COD,Yes
O02899,C0656,2024-04-02,Fashion,845.25,5,3,COD,Yes
O02900,C0656,2024-05-14,Books,4518.29,15,4,Card,No
O02901,C0656,2025-07-13,Electronics,1918.8,15,1,Wallet,Yes
O02902,C0656,2025-01-30,Home,918.66,15,5,UPI,No
O02903,C0656,2024-12-26,Fashion,329.13,5,3,COD,Yes
O02904,C0656,2025-06-12,Home,1659.42,15,7,COD,Yes
O02905,C0657,2025-11-28,Books,2550.16,5,3,UPI,No
O02906,C0657,2026-04-15,Home,4489.41,20,6,Card,Yes
O02907,C0657,2026-07-31,Home,3489.48,0,7,COD,Yes
O02908,C0657,2025-04-16,Electronics,1238.39,5,6,COD,No
O02909,C0657,2025-05-25,Home,3697.32,10,4,COD,No
O02910,C0657,2026-07-26,Beauty,875.27,0,4,COD,No
O02911,C0657,2025-11-22,Home,4792.17,10,2,COD,No
O02912,C0658,2025-06-11,Home,1916.47,20,2,Wallet,No
O02913,C0658,2025-11-30,Electronics,1225.55,10,3,UPI,No
O02914,C0658,2025-10-29,Books,1370.53,15,8,UPI,Yes
O02915,C0658,2025-03-04,Beauty,3552.15,0,6,UPI,Yes
O02916,C0659,2025-08-05,Electronics,2995.03,0,6,COD,Yes
O02917,C0659,2026-03-25,Fashion,2510.63,0,7,UPI,No
O02918,C0659,2025-03-26,Electronics,2834.2,20,2,Wallet,No
O02919,C0659,2026-03-15,Books,1645.72,0,6,Wallet,Yes
O02920,C0659,2025-06-01,Fashion,4345.88,0,4,COD,No
O02921,C0660,2024-10-18,Home,460.3,10,7,UPI,No
O02922,C0660,2024-08-21,Electronics,1007.36,10,2,Card,Yes
O02923,C0660,2025-05-20,Electronics,2162.52,10,1,UPI,No
O02924,C0661,2025-08-21,Beauty,4485.61,5,4,Card,Yes
O02925,C0661,2024-10-30,Home,1533.8,5,1,Card,Yes
O02926,C0661,2024-12-10,Fashion,426.52,0,7,UPI,Yes
O02927,C0661,2024-08-29,Home,746.58,20,4,COD,Yes
O02928,C0661,2025-01-27,Fashion,2964.21,5,4,COD,Yes
O02929,C0661,2025-11-24,Fashion,2018.4,5,2,Card,No
O02930,C0661,2025-05-22,Home,4195.54,10,7,Card,Yes
O02931,C0662,2025-08-17,Home,4006.65,20,3,Wallet,No
O02932,C0662,2024-12-19,Beauty,1484.59,10,1,Card,No
O02933,C0662,2025-09-12,Fashion,3255.96,10,8,COD,Yes
O02934,C0662,2025-10-01,Books,4185.81,0,6,COD,Yes
O02935,C0662,2025-07-02,Home,4912.82,10,7,UPI,No
O02936,C0662,2025-10-17,Fashion,3867.35,10,7,Card,Yes
O02937,C0662,2025-08-05,Home,2199.15,15,2,COD,Yes
O02938,C0662,2025-02-15,Fashion,2140.73,10,6,Wallet,No
O02939,C0663,2026-03-30,Fashion,1200.22,20,7,COD,Yes
O02940,C0663,2025-09-22,Books,1590.25,20,7,Card,No
O02941,C0663,2025-08-01,Fashion,1826.02,15,2,Wallet,Yes
O02942,C0663,2025-12-03,Home,1755.11,15,4,COD,No
O02943,C0664,2024-10-04,Beauty,1620.97,5,8,UPI,No
O02944,C0664,2024-08-13,Beauty,1901.53,0,4,UPI,No
O02945,C0664,2025-10-16,Electronics,3347.74,0,8,Card,Yes
O02946,C0664,2025-09-28,Fashion,4070.73,15,8,UPI,No
O02947,C0664,2024-10-24,Electronics,3920.07,10,1,Wallet,No
O02948,C0664,2024-05-26,Books,2868.47,10,3,Card,Yes
O02949,C0664,2024-09-18,Books,4900.22,5,5,COD,No
O02950,C0665,2025-08-24,Home,4243.75,15,5,Card,Yes
O02951,C0665,2024-11-11,Electronics,2408.05,5,5,Wallet,No
O02952,C0665,2025-12-22,Electronics,4263.11,5,2,Wallet,No
O02953,C0666,2026-04-10,Books,4949.96,20,1,Card,Yes
O02954,C0666,2025-12-05,Electronics,1259.23,0,2,Wallet,Yes
O02955,C0666,2025-06-25,Electronics,1879.54,15,1,Card,No
O02956,C0666,2025-02-06,Fashion,3854.81,5,2,Card,No
O02957,C0666,2025-10-08,Books,1234.13,5,7,COD,Yes
O02958,C0666,2025-10-18,Electronics,418.83,0,5,UPI,No
O02959,C0666,2026-05-23,Electronics,3082.38,10,1,UPI,Yes
O02960,C0667,2025-06-09,Electronics,3349.55,5,3,Wallet,No
O02961,C0668,2025-05-30,Electronics,1382.95,5,3,COD,No
O02962,C0668,2026-02-23,Electronics,2856.88,5,3,COD,Yes
O02963,C0669,2025-06-20,Fashion,4219.2,20,2,Wallet,Yes
O02964,C0669,2024-04-30,Electronics,1754.84,0,8,Wallet,Yes
O02965,C0670,2024-05-01,Books,4982.52,0,5,Card,Yes
O02966,C0670,2025-02-05,Beauty,641.68,15,3,COD,No
O02967,C0670,2024-09-01,Beauty,4561.47,5,2,Wallet,No
O02968,C0670,2025-09-19,Home,1968.81,15,7,Card,Yes
O02969,C0670,2024-12-15,Electronics,2859.72,15,2,COD,Yes
O02970,C0671,2025-05-07,Electronics,771.06,0,5,Card,Yes
O02971,C0671,2025-11-11,Books,1245.42,20,1,Wallet,Yes
O02972,C0671,2026-01-04,Home,518.86,10,5,Card,No
O02973,C0671,2025-05-31,Home,3836.77,0,8,UPI,Yes
O02974,C0672,2025-08-30,Books,2698.86,15,6,COD,Yes
O02975,C0672,2025-01-19,Beauty,347.0,10,2,Wallet,No
O02976,C0672,2025-11-12,Fashion,4707.58,10,7,COD,No
O02977,C0672,2025-04-19,Books,4288.34,0,3,Wallet,Yes
O02978,C0672,2025-12-25,Books,2140.2,10,6,UPI,No
O02979,C0672,2025-12-17,Electronics,4395.03,0,8,UPI,No
O02980,C0672,2025-08-29,Electronics,733.91,15,4,Wallet,Yes
O02981,C0672,2025-08-14,Electronics,394.52,0,8,UPI,No
O02982,C0673,2024-12-14,Books,2774.23,15,1,Card,Yes
O02983,C0673,2025-12-24,Home,3656.55,5,2,Card,Yes
O02984,C0673,2024-12-22,Fashion,2850.63,20,3,Card,No
O02985,C0673,2024-08-11,Home,2773.04,5,8,Card,No
O02986,C0673,2025-05-29,Electronics,353.36,0,5,COD,No
O02987,C0673,2024-11-24,Electronics,1295.23,5,2,COD,Yes
O02988,C0673,2025-06-15,Fashion,1132.35,5,8,Card,Yes
O02989,C0673,2025-10-19,Books,1588.49,20,6,UPI,No
O02990,C0674,2025-07-30,Home,691.17,5,5,COD,Yes
O02991,C0675,2025-08-05,Books,1581.97,10,7,Card,Yes
O02992,C0675,2025-05-08,Electronics,608.01,15,4,Card,No
O02993,C0676,2025-12-31,Fashion,2879.89,0,2,Card,No
O02994,C0676,2025-05-26,Books,4669.58,20,4,UPI,No
O02995,C0676,2025-08-17,Books,2852.24,10,6,COD,Yes
O02996,C0676,2025-06-23,Books,1095.55,20,1,Wallet,Yes
O02997,C0677,2025-01-04,Books,2010.86,10,1,Wallet,No
O02998,C0677,2025-08-23,Home,1320.94,15,5,UPI,Yes
O02999,C0677,2026-02-01,Books,1728.07,0,8,Card,No
O03000,C0677,2025-02-28,Fashion,1634.44,10,1,Card,Yes
O03001,C0677,2026-05-28,Books,1545.69,20,8,Card,No
O03002,C0677,2025-10-18,Books,1492.9,5,8,COD,Yes
O03003,C0677,2026-06-17,Fashion,1553.52,5,3,COD,Yes
O03004,C0678,2025-07-28,Electronics,3605.3,10,5,COD,Yes
O03005,C0678,2025-05-31,Beauty,3081.69,10,6,COD,No
O03006,C0679,2025-06-16,Fashion,271.74,10,5,Wallet,Yes
O03007,C0679,2025-01-24,Fashion,4984.4,5,4,COD,No
O03008,C0679,2025-05-27,Electronics,1070.16,10,4,Card,No
O03009,C0679,2025-01-11,Fashion,421.23,20,1,Wallet,No
O03010,C0679,2024-11-29,Books,4543.14,5,2,UPI,No
O03011,C0679,2025-03-23,Fashion,4766.14,0,3,COD,Yes
O03012,C0679,2025-07-16,Electronics,2427.25,10,3,Card,Yes
O03013,C0679,2025-07-14,Books,2035.76,0,4,Wallet,Yes
O03014,C0680,2024-08-13,Beauty,2600.54,10,5,UPI,Yes
O03015,C0680,2024-08-07,Beauty,416.4,0,2,UPI,Yes
O03016,C0680,2024-11-10,Books,1215.9,20,4,Wallet,Yes
O03017,C0680,2024-05-08,Fashion,209.9,20,1,COD,No
O03018,C0681,2025-07-09,Home,507.15,20,6,COD,Yes
O03019,C0681,2025-05-26,Fashion,2980.96,0,3,COD,No
O03020,C0681,2024-09-30,Electronics,856.24,15,4,Wallet,No
O03021,C0681,2025-08-21,Home,3888.22,15,5,COD,No
O03022,C0681,2024-12-11,Electronics,4221.76,0,8,COD,No
O03023,C0682,2025-09-03,Books,2253.96,10,7,UPI,No
O03024,C0682,2024-10-09,Electronics,3362.4,5,7,UPI,Yes
O03025,C0682,2024-07-08,Books,4142.56,20,6,UPI,No
O03026,C0682,2024-06-25,Fashion,4026.34,5,1,Card,Yes
O03027,C0682,2024-08-05,Electronics,2075.8,15,8,Wallet,No
O03028,C0682,2024-11-06,Fashion,1809.44,5,3,Wallet,Yes
O03029,C0682,2025-04-10,Fashion,3011.71,15,2,COD,No
O03030,C0682,2025-06-09,Electronics,1259.22,0,8,COD,Yes
O03031,C0683,2026-02-14,Beauty,4184.85,20,4,Card,Yes
O03032,C0683,2025-01-20,Books,1194.46,10,5,Wallet,No
O03033,C0683,2025-06-08,Beauty,808.69,10,8,UPI,No
O03034,C0683,2025-06-01,Books,4046.95,10,8,UPI,No
O03035,C0684,2025-07-13,Books,3938.93,10,1,Card,No
O03036,C0684,2026-05-11,Books,1605.62,5,7,COD,Yes
O03037,C0685,2025-09-30,Books,4818.73,10,4,Wallet,No
O03038,C0685,2026-03-19,Home,3145.26,20,7,Wallet,No
O03039,C0685,2026-04-29,Beauty,966.77,10,5,COD,Yes
O03040,C0685,2025-03-11,Home,1672.77,0,3,Wallet,Yes
O03041,C0685,2026-04-21,Electronics,1769.56,5,6,UPI,No
O03042,C0685,2025-06-26,Books,3803.33,5,7,Card,No
O03043,C0686,2025-05-16,Home,550.16,15,2,COD,Yes
O03044,C0686,2025-07-04,Home,907.25,15,4,Wallet,Yes
O03045,C0686,2025-10-15,Beauty,4571.4,15,8,Card,No
O03046,C0686,2025-04-24,Electronics,4347.29,15,5,UPI,Yes
O03047,C0686,2025-08-18,Electronics,3318.7,10,3,Wallet,Yes
O03048,C0687,2025-11-04,Books,1719.95,15,7,Wallet,Yes
O03049,C0688,2026-01-05,Electronics,2246.42,0,1,Card,Yes
O03050,C0688,2024-08-18,Beauty,4144.19,10,1,COD,Yes
O03051,C0688,2025-08-23,Fashion,4122.11,5,4,Wallet,No
O03052,C0689,2026-05-06,Fashion,3674.15,15,2,UPI,No
O03053,C0689,2025-08-28,Books,3111.63,20,5,Card,Yes
O03054,C0689,2025-12-26,Beauty,4602.69,0,5,UPI,Yes
O03055,C0689,2025-05-10,Electronics,1455.44,20,6,Card,No
O03056,C0689,2025-02-01,Electronics,4159.38,0,1,COD,No
O03057,C0689,2026-01-16,Beauty,726.68,0,6,UPI,Yes
O03058,C0689,2026-06-01,Home,3721.99,10,1,UPI,Yes
O03059,C0690,2025-06-23,Electronics,4489.4,5,6,COD,Yes
O03060,C0690,2025-11-10,Home,3244.67,20,2,Card,No
O03061,C0690,2025-04-07,Beauty,2398.79,0,6,Card,Yes
O03062,C0690,2024-06-06,Beauty,694.92,10,7,Wallet,No
O03063,C0690,2025-08-26,Beauty,727.95,10,8,UPI,Yes
O03064,C0690,2024-07-02,Electronics,942.89,15,8,Card,No
O03065,C0690,2024-09-07,Home,2292.47,20,2,Wallet,No
O03066,C0691,2026-03-15,Fashion,2305.0,5,4,Wallet,Yes
O03067,C0691,2026-06-16,Electronics,4374.97,10,6,Card,No
O03068,C0691,2025-08-27,Beauty,1426.8,10,2,Wallet,No
O03069,C0691,2026-05-10,Fashion,3586.83,10,6,Card,Yes
O03070,C0691,2026-07-20,Books,982.85,15,3,Card,Yes
O03071,C0691,2026-06-08,Home,4546.02,20,8,UPI,Yes
O03072,C0691,2026-01-18,Books,2789.24,15,5,Wallet,Yes
O03073,C0691,2025-02-18,Electronics,4110.98,5,4,COD,Yes
O03074,C0692,2024-12-08,Electronics,1719.95,5,6,COD,Yes
O03075,C0692,2025-09-03,Books,1978.96,0,5,Card,Yes
O03076,C0692,2025-07-13,Beauty,4127.29,20,1,Wallet,Yes
O03077,C0692,2024-03-30,Beauty,3266.76,5,4,Wallet,No
O03078,C0693,2025-01-19,Beauty,1731.39,15,8,Card,Yes
O03079,C0693,2024-10-30,Fashion,241.38,0,2,UPI,Yes
O03080,C0693,2025-06-10,Home,875.9,15,5,Card,Yes
O03081,C0693,2025-08-21,Books,3746.53,15,8,UPI,No
O03082,C0693,2024-12-30,Electronics,3453.71,15,8,COD,No
O03083,C0694,2024-08-09,Beauty,3114.83,5,7,Card,No
O03084,C0694,2025-03-28,Fashion,277.17,5,6,COD,Yes
O03085,C0694,2025-07-22,Fashion,3474.32,15,6,Card,Yes
O03086,C0694,2024-11-06,Home,4221.39,5,2,UPI,No
O03087,C0694,2024-07-20,Books,1936.86,5,5,Wallet,Yes
O03088,C0695,2025-03-05,Electronics,3777.06,0,2,Wallet,Yes
O03089,C0695,2026-03-31,Fashion,242.78,15,1,COD,Yes
O03090,C0695,2025-10-20,Beauty,4254.54,15,6,Card,Yes
O03091,C0695,2025-12-18,Home,1587.31,15,4,UPI,Yes
O03092,C0695,2025-05-16,Books,1561.7,20,7,UPI,No
O03093,C0695,2026-02-23,Books,1363.84,10,7,Card,Yes
O03094,C0696,2025-03-05,Beauty,2231.76,5,3,COD,No
O03095,C0696,2024-12-19,Books,1466.57,5,3,COD,Yes
O03096,C0696,2024-02-22,Electronics,4092.05,20,3,Wallet,Yes
O03097,C0697,2024-05-13,Home,3028.3,5,6,Card,No
O03098,C0697,2024-06-11,Electronics,2123.09,5,4,Card,No
O03099,C0697,2025-04-20,Books,4256.08,20,4,Card,Yes
O03100,C0697,2024-05-16,Electronics,4553.96,20,1,UPI,Yes
O03101,C0697,2024-04-22,Electronics,2854.61,10,2,UPI,Yes
O03102,C0697,2025-08-07,Home,3289.75,10,4,UPI,No
O03103,C0698,2024-11-25,Books,4632.62,15,4,Wallet,Yes
O03104,C0698,2025-06-11,Fashion,3897.51,20,7,UPI,Yes
O03105,C0698,2025-02-26,Beauty,4928.22,0,7,COD,No
O03106,C0698,2026-01-18,Books,4491.82,0,5,COD,Yes
O03107,C0699,2024-10-15,Books,240.16,5,7,Wallet,No
O03108,C0699,2024-06-29,Home,654.39,5,2,Wallet,Yes
O03109,C0699,2025-06-07,Electronics,4993.75,0,6,Wallet,No
O03110,C0699,2025-04-20,Beauty,2498.89,15,2,Wallet,No
O03111,C0700,2026-06-07,Electronics,2814.79,0,6,Wallet,Yes
O03112,C0700,2026-07-05,Beauty,4636.73,5,3,Card,No
O03113,C0700,2026-06-07,Beauty,2287.91,5,1,Wallet,No
O03114,C0700,2025-06-17,Fashion,4758.09,5,6,UPI,No
O03115,C0701,2024-10-15,Books,1752.6,15,8,Card,No
O03116,C0701,2025-04-25,Books,4877.75,10,8,UPI,Yes
O03117,C0702,2025-06-26,Electronics,4608.59,15,5,UPI,No
O03118,C0703,2024-11-07,Books,3033.11,10,6,UPI,No
O03119,C0703,2024-09-08,Beauty,3311.78,15,5,UPI,Yes
O03120,C0704,2025-12-16,Beauty,1494.89,15,3,Wallet,No
O03121,C0704,2026-07-10,Electronics,4963.61,5,4,Card,Yes
O03122,C0704,2025-07-27,Home,688.04,0,3,UPI,No
O03123,C0705,2026-04-19,Fashion,3375.52,5,6,Card,Yes
O03124,C0706,2026-04-09,Electronics,1007.11,15,1,Card,Yes
O03125,C0707,2025-09-16,Home,1445.9,5,8,Wallet,No
O03126,C0707,2025-05-22,Books,3546.97,0,6,COD,No
O03127,C0707,2026-06-01,Books,4740.98,15,6,COD,Yes
O03128,C0707,2026-05-21,Fashion,2805.2,10,8,COD,No
O03129,C0707,2026-05-13,Electronics,1250.58,10,6,Wallet,No
O03130,C0707,2026-10-28,Home,3380.77,20,7,Card,No
O03131,C0707,2026-09-27,Beauty,1151.84,5,5,COD,No
O03132,C0708,2025-12-25,Fashion,4183.38,5,6,UPI,No
O03133,C0708,2026-03-18,Electronics,1951.61,20,8,COD,Yes
O03134,C0708,2025-04-30,Beauty,3911.07,20,7,Card,No
O03135,C0708,2025-09-22,Beauty,1370.5,10,7,UPI,No
O03136,C0708,2024-12-13,Home,3863.16,0,5,COD,Yes
O03137,C0708,2025-05-17,Books,2753.66,5,7,UPI,Yes
O03138,C0708,2026-03-02,Beauty,1145.95,5,3,UPI,No
O03139,C0709,2025-05-20,Electronics,3247.69,5,6,UPI,Yes
O03140,C0709,2025-10-22,Electronics,860.99,10,6,UPI,Yes
O03141,C0709,2024-08-21,Electronics,1639.51,5,6,UPI,No
O03142,C0709,2025-03-19,Fashion,1848.4,15,2,COD,Yes
O03143,C0709,2025-04-03,Fashion,3802.86,0,6,UPI,Yes
O03144,C0709,2025-01-09,Beauty,1347.2,0,6,COD,Yes
O03145,C0710,2025-10-12,Fashion,4234.37,10,7,UPI,Yes
O03146,C0710,2026-01-12,Beauty,1944.69,5,4,COD,No
O03147,C0710,2025-05-20,Home,1842.66,15,2,UPI,Yes
O03148,C0711,2025-10-14,Fashion,4178.23,15,6,UPI,No
O03149,C0711,2025-03-14,Books,2474.75,15,2,Card,Yes
O03150,C0711,2026-01-22,Fashion,1400.86,0,2,COD,No
O03151,C0711,2025-11-14,Books,4823.95,10,3,UPI,Yes
O03152,C0711,2026-01-04,Beauty,337.99,0,5,Wallet,No
O03153,C0712,2024-06-16,Fashion,3096.84,0,7,Card,No
O03154,C0712,2024-06-06,Electronics,2291.97,10,8,COD,Yes
O03155,C0712,2025-02-23,Fashion,3661.3,15,3,Wallet,Yes
O03156,C0712,2024-07-03,Home,4748.69,5,4,UPI,No
O03157,C0713,2025-02-17,Beauty,474.48,5,6,Wallet,No
O03158,C0713,2025-09-25,Beauty,421.75,5,3,Card,Yes
O03159,C0713,2025-05-25,Home,1425.69,10,8,Wallet,No
O03160,C0713,2026-01-05,Electronics,1087.07,10,2,COD,Yes
O03161,C0713,2025-07-04,Electronics,3217.81,20,4,Card,No
O03162,C0714,2024-06-16,Beauty,3491.24,15,3,Wallet,Yes
O03163,C0714,2024-08-25,Fashion,1739.33,20,7,UPI,No
O03164,C0715,2025-06-12,Books,4314.72,5,2,UPI,Yes
O03165,C0715,2026-04-05,Fashion,2548.02,0,3,Card,No
O03166,C0715,2025-01-22,Fashion,3976.86,15,8,Wallet,No
O03167,C0715,2025-03-02,Fashion,3909.81,20,6,Wallet,No
O03168,C0715,2024-11-07,Home,2321.94,20,5,UPI,No
O03169,C0715,2025-05-26,Home,471.1,0,5,UPI,Yes
O03170,C0715,2024-11-12,Beauty,828.47,5,7,Wallet,Yes
O03171,C0715,2025-06-12,Home,3774.93,0,5,Card,No
O03172,C0716,2024-11-02,Home,1506.56,15,4,Wallet,No
O03173,C0716,2025-07-16,Fashion,3202.08,15,3,UPI,Yes
O03174,C0716,2024-12-01,Books,4465.6,5,3,UPI,Yes
O03175,C0716,2025-08-02,Home,680.62,15,4,UPI,Yes
O03176,C0717,2026-04-08,Home,3356.16,5,3,Card,Yes
O03177,C0717,2025-04-26,Books,3488.68,20,2,UPI,No
O03178,C0717,2025-05-22,Fashion,2193.61,20,1,UPI,No
O03179,C0717,2025-06-15,Books,3743.74,20,1,COD,No
O03180,C0718,2024-12-18,Electronics,587.8,15,2,UPI,No
O03181,C0718,2024-12-02,Beauty,2281.77,10,5,UPI,No
O03182,C0718,2024-11-22,Electronics,1065.46,20,8,COD,Yes
O03183,C0718,2024-11-28,Beauty,4434.33,10,2,COD,No
O03184,C0718,2025-04-30,Beauty,4686.75,15,7,Card,No
O03185,C0718,2025-07-26,Beauty,1824.47,5,2,Wallet,No
O03186,C0719,2026-02-08,Books,2602.28,5,3,COD,No
O03187,C0719,2024-12-31,Books,845.47,15,7,Card,Yes
O03188,C0720,2025-12-29,Electronics,2493.57,5,5,Card,Yes
O03189,C0720,2025-05-01,Home,3402.64,10,2,Wallet,No
O03190,C0720,2025-01-06,Fashion,2572.35,0,4,COD,Yes
O03191,C0720,2024-09-21,Electronics,4066.57,10,7,Card,Yes
O03192,C0721,2026-01-06,Books,3738.19,10,4,Wallet,Yes
O03193,C0721,2025-03-24,Beauty,2063.83,20,7,Wallet,No
O03194,C0721,2024-08-02,Electronics,1238.96,0,4,COD,Yes
O03195,C0721,2025-11-21,Books,3477.97,5,4,UPI,No
O03196,C0721,2025-01-12,Beauty,3784.74,0,3,Card,No
O03197,C0721,2024-09-08,Home,2039.85,0,4,UPI,No
O03198,C0721,2024-08-31,Beauty,2010.18,0,3,UPI,No
O03199,C0722,2025-09-11,Beauty,1124.38,0,2,Wallet,No
O03200,C0722,2024-05-22,Home,4270.32,15,8,COD,No
O03201,C0723,2026-02-20,Electronics,973.9,15,3,UPI,Yes
O03202,C0724,2025-11-03,Electronics,3741.29,15,2,UPI,No
O03203,C0724,2024-12-25,Books,3232.84,5,6,UPI,No
O03204,C0724,2024-12-13,Beauty,4179.63,15,3,COD,No
O03205,C0724,2025-08-25,Electronics,4126.29,15,7,COD,No
O03206,C0724,2025-01-01,Electronics,2542.42,20,2,Card,Yes
O03207,C0724,2025-06-28,Electronics,2745.93,0,3,Card,Yes
O03208,C0725,2025-03-07,Fashion,751.61,15,4,UPI,Yes
O03209,C0725,2024-11-30,Home,2456.99,20,6,UPI,Yes
O03210,C0725,2025-07-27,Fashion,3508.39,15,1,Card,No
O03211,C0725,2025-07-12,Beauty,1983.54,5,6,COD,No
O03212,C0726,2026-01-18,Beauty,4996.11,5,4,Card,No
O03213,C0726,2026-03-24,Electronics,708.04,20,5,Card,No
O03214,C0726,2025-06-15,Books,3220.88,15,5,Card,Yes
O03215,C0726,2025-10-11,Electronics,3592.01,0,7,Wallet,Yes
O03216,C0726,2025-12-31,Fashion,1918.44,20,2,COD,No
O03217,C0726,2025-12-03,Fashion,650.32,0,7,Card,Yes
O03218,C0726,2026-08-02,Beauty,3069.52,0,6,Wallet,No
O03219,C0726,2026-04-14,Fashion,4433.26,10,8,UPI,Yes
O03220,C0727,2026-02-27,Electronics,2122.21,5,2,Card,No
O03221,C0727,2025-07-10,Electronics,4684.67,15,8,Card,Yes
O03222,C0728,2025-07-12,Fashion,836.5,10,3,UPI,Yes
O03223,C0728,2024-11-04,Fashion,2176.61,5,4,Wallet,No
O03224,C0728,2025-07-15,Beauty,4528.58,0,2,COD,No
O03225,C0729,2024-10-26,Home,3527.01,0,4,COD,No
O03226,C0730,2024-10-04,Home,4903.4,0,7,COD,Yes
O03227,C0730,2025-06-11,Beauty,2575.97,20,4,UPI,Yes
O03228,C0730,2025-11-20,Fashion,386.87,10,5,COD,Yes
O03229,C0730,2024-09-25,Books,2641.14,0,3,UPI,Yes
O03230,C0730,2025-02-19,Beauty,1727.87,10,6,Card,Yes
O03231,C0730,2024-09-04,Fashion,3244.03,15,3,Wallet,No
O03232,C0730,2025-10-16,Beauty,2998.81,5,7,Card,No
O03233,C0731,2024-08-03,Beauty,4206.87,0,4,Card,No
O03234,C0731,2024-09-06,Home,1546.12,0,3,Wallet,No
O03235,C0731,2024-10-28,Home,2659.46,15,4,Card,Yes
O03236,C0731,2025-03-03,Fashion,3437.82,10,4,Card,No
O03237,C0731,2025-05-14,Books,692.13,20,7,COD,Yes
O03238,C0732,2025-07-05,Books,1395.63,20,3,Card,No
O03239,C0732,2025-09-03,Fashion,299.95,10,5,UPI,No
O03240,C0732,2025-03-03,Beauty,4875.59,10,6,Wallet,Yes
O03241,C0733,2024-12-08,Books,1749.04,15,2,COD,Yes
O03242,C0733,2025-01-27,Electronics,2397.95,0,4,COD,No
O03243,C0733,2024-09-24,Fashion,2842.3,10,8,COD,No
O03244,C0733,2025-05-29,Books,2678.46,15,7,COD,No
O03245,C0733,2024-05-24,Books,2161.2,0,2,Wallet,Yes
O03246,C0733,2024-08-03,Electronics,4262.14,0,8,UPI,Yes
O03247,C0734,2026-03-21,Books,2506.09,15,6,COD,Yes
O03248,C0734,2026-01-25,Electronics,567.55,0,7,Wallet,No
O03249,C0734,2025-12-09,Fashion,1451.65,10,3,Card,No
O03250,C0734,2026-05-04,Electronics,2962.32,10,6,COD,Yes
O03251,C0734,2026-01-22,Beauty,3951.39,5,7,Wallet,No
O03252,C0734,2025-12-28,Fashion,418.69,20,5,Wallet,Yes
O03253,C0735,2025-07-03,Home,4803.04,0,3,Card,No
O03254,C0735,2026-01-14,Books,2253.6,10,3,UPI,No
O03255,C0736,2026-03-17,Books,4325.37,5,1,COD,No
O03256,C0736,2025-09-08,Electronics,290.94,0,2,Card,No
O03257,C0736,2026-02-15,Beauty,3085.19,5,2,UPI,No
O03258,C0736,2026-06-24,Books,4326.34,15,3,COD,No
O03259,C0737,2026-03-24,Books,904.07,5,4,COD,No
O03260,C0737,2025-11-08,Books,1214.17,20,5,Wallet,Yes
O03261,C0737,2025-09-19,Fashion,703.77,5,2,Card,No
O03262,C0737,2026-04-19,Books,3462.21,0,2,Wallet,Yes
O03263,C0737,2025-05-31,Home,4452.36,10,5,Wallet,No
O03264,C0737,2026-04-07,Fashion,1030.68,15,7,Card,No
O03265,C0738,2026-01-05,Home,1471.84,20,8,COD,No
O03266,C0738,2025-04-18,Fashion,4716.56,20,6,COD,Yes
O03267,C0738,2025-11-15,Electronics,3799.54,5,5,Wallet,No
O03268,C0738,2025-12-05,Home,2215.48,0,8,COD,Yes
O03269,C0738,2024-09-08,Books,4799.83,15,8,COD,Yes
O03270,C0738,2025-06-27,Fashion,3064.51,10,6,UPI,Yes
O03271,C0738,2025-07-06,Fashion,3821.03,0,4,UPI,Yes
O03272,C0738,2024-10-02,Electronics,2940.68,15,5,COD,No
O03273,C0739,2025-06-18,Books,1372.0,10,6,Card,No
O03274,C0739,2025-01-02,Books,4586.18,15,3,UPI,Yes
O03275,C0739,2024-08-08,Beauty,1449.1,0,1,UPI,Yes
O03276,C0739,2025-03-10,Books,4111.68,0,6,UPI,No
O03277,C0739,2025-05-19,Beauty,4969.37,0,2,COD,Yes
O03278,C0740,2025-04-07,Books,1697.4,15,5,Wallet,Yes
O03279,C0740,2026-06-25,Beauty,3285.61,15,7,UPI,No
O03280,C0740,2026-05-06,Books,3718.77,15,7,Card,Yes
O03281,C0740,2026-02-04,Books,3617.67,10,6,COD,Yes
O03282,C0740,2026-07-12,Home,3281.14,5,2,Card,Yes
O03283,C0740,2025-01-22,Books,3703.98,15,3,COD,Yes
O03284,C0740,2025-12-08,Fashion,1535.55,20,8,Wallet,Yes
O03285,C0741,2025-11-21,Books,4403.22,0,7,COD,No
O03286,C0741,2026-02-22,Fashion,2365.12,20,4,UPI,No
O03287,C0742,2025-06-26,Fashion,4172.55,10,1,COD,No
O03288,C0742,2024-12-04,Fashion,280.1,20,3,Wallet,Yes
O03289,C0742,2025-08-21,Books,4962.14,10,7,Wallet,No
O03290,C0742,2025-06-26,Fashion,658.46,10,2,UPI,Yes
O03291,C0742,2024-08-29,Fashion,878.5,10,6,Wallet,No
O03292,C0743,2025-01-30,Home,2547.0,20,6,UPI,No
O03293,C0743,2024-12-17,Home,4600.03,10,7,UPI,No
O03294,C0743,2026-01-15,Fashion,1856.78,20,3,Card,Yes
O03295,C0744,2024-12-23,Home,4965.21,15,2,Card,No
O03296,C0745,2024-06-20,Beauty,3507.86,15,6,Card,Yes
O03297,C0745,2024-06-19,Fashion,1032.27,15,6,Card,No
O03298,C0745,2024-06-07,Books,4952.7,0,5,Card,Yes
O03299,C0746,2024-04-08,Fashion,4770.9,0,6,Card,Yes
O03300,C0746,2024-12-23,Books,1624.8,20,8,UPI,Yes
O03301,C0746,2024-04-01,Home,3159.87,20,7,COD,No
O03302,C0746,2025-01-05,Fashion,2391.77,10,7,COD,No
O03303,C0747,2024-07-25,Home,2151.73,5,5,UPI,No
O03304,C0747,2025-01-11,Electronics,3485.29,15,2,UPI,No
O03305,C0748,2026-05-18,Home,3254.95,5,3,UPI,No
O03306,C0749,2026-02-25,Fashion,1908.03,15,7,Wallet,Yes
O03307,C0749,2024-11-02,Books,2739.58,20,5,UPI,Yes
O03308,C0750,2025-05-25,Beauty,821.63,15,3,UPI,Yes
O03309,C0750,2024-06-16,Books,899.68,10,1,COD,No
O03310,C0750,2024-05-17,Beauty,1419.63,15,4,UPI,Yes
O03311,C0750,2024-12-30,Fashion,624.19,0,6,COD,Yes
O03312,C0750,2024-06-05,Electronics,4584.93,15,7,UPI,No
O03313,C0750,2024-02-05,Home,1032.81,0,3,Wallet,No
O03314,C0751,2026-02-22,Home,399.96,0,1,COD,No
O03315,C0751,2026-04-15,Fashion,4822.1,0,5,UPI,No
O03316,C0751,2026-02-10,Books,3209.62,5,6,Card,No
O03317,C0751,2026-09-04,Books,2641.56,10,8,Wallet,Yes
O03318,C0751,2025-05-24,Books,1188.82,5,1,Card,Yes
O03319,C0751,2025-06-08,Beauty,4962.99,15,4,UPI,No
O03320,C0751,2026-07-16,Books,4187.4,0,5,UPI,Yes
O03321,C0752,2026-03-05,Fashion,3016.94,20,6,Card,No
O03322,C0752,2025-07-30,Home,552.41,15,2,UPI,No
O03323,C0752,2025-05-14,Beauty,1676.6,5,3,COD,Yes
O03324,C0752,2025-11-10,Beauty,2476.31,10,1,Card,Yes
O03325,C0752,2025-10-26,Beauty,2568.44,20,5,Wallet,No
O03326,C0753,2026-03-15,Fashion,3916.63,20,3,Card,Yes
O03327,C0753,2025-06-25,Fashion,2729.32,10,3,Card,Yes
O03328,C0753,2026-05-25,Books,4511.73,20,6,COD,No
O03329,C0754,2025-06-18,Books,1754.95,10,4,COD,No
O03330,C0754,2026-01-05,Fashion,1806.67,10,2,Card,Yes
O03331,C0754,2026-01-08,Home,1747.41,20,6,Card,No
O03332,C0754,2025-06-14,Home,2779.76,0,8,UPI,No
O03333,C0754,2026-02-27,Books,2051.7,15,3,COD,Yes
O03334,C0754,2025-01-04,Books,3991.56,10,8,COD,Yes
O03335,C0754,2025-06-07,Home,3143.02,0,6,COD,No
O03336,C0755,2025-02-07,Electronics,4689.75,20,1,Card,No
O03337,C0755,2025-11-07,Electronics,4127.25,15,1,Card,Yes
O03338,C0755,2024-09-04,Beauty,3841.28,15,6,Card,Yes
O03339,C0755,2025-03-23,Beauty,894.0,5,5,COD,Yes
O03340,C0755,2025-10-13,Beauty,2031.54,20,1,COD,No
O03341,C0755,2024-07-29,Home,4783.6,0,1,Card,Yes
O03342,C0755,2025-04-12,Home,2857.03,5,2,Wallet,Yes
O03343,C0756,2025-06-10,Electronics,1453.83,10,7,Card,Yes
O03344,C0756,2025-08-17,Books,396.33,10,7,Wallet,Yes
O03345,C0756,2025-11-30,Fashion,852.96,15,6,COD,Yes
O03346,C0756,2024-10-28,Beauty,3076.64,10,3,Wallet,No
O03347,C0756,2024-12-15,Electronics,4054.49,5,6,UPI,No
O03348,C0756,2025-06-04,Beauty,3668.74,5,4,UPI,No
O03349,C0757,2025-09-20,Fashion,1075.49,20,5,COD,No
O03350,C0757,2025-12-23,Home,3278.47,15,5,UPI,No
O03351,C0757,2024-09-12,Electronics,4189.71,20,6,UPI,Yes
O03352,C0758,2025-06-24,Beauty,660.69,5,5,COD,Yes
O03353,C0758,2024-12-02,Beauty,2261.33,20,5,Card,Yes
O03354,C0758,2026-02-02,Beauty,3946.99,15,6,COD,No
O03355,C0758,2025-11-20,Home,2284.99,20,7,UPI,No
O03356,C0758,2024-09-10,Beauty,1935.89,10,5,Card,No
O03357,C0759,2025-06-18,Fashion,4043.37,0,3,COD,Yes
O03358,C0759,2025-09-04,Home,2143.59,0,4,COD,Yes
O03359,C0759,2025-04-27,Electronics,3049.96,0,8,UPI,Yes
O03360,C0759,2024-08-28,Books,4758.78,15,5,Card,No
O03361,C0759,2025-01-18,Home,1353.88,20,2,Wallet,Yes
O03362,C0759,2024-10-18,Books,1891.51,20,6,COD,No
O03363,C0760,2025-03-23,Home,657.11,15,6,Card,No
O03364,C0760,2024-10-13,Beauty,1341.38,10,3,COD,No
O03365,C0760,2024-05-29,Books,4203.15,20,6,COD,No
O03366,C0760,2025-05-16,Books,4654.24,15,2,UPI,Yes
O03367,C0760,2025-11-05,Electronics,3912.38,5,5,Wallet,Yes
O03368,C0760,2025-01-10,Books,1224.34,0,5,COD,Yes
O03369,C0760,2025-08-30,Beauty,688.46,15,7,UPI,No
O03370,C0760,2025-09-27,Fashion,3413.32,10,8,UPI,No
O03371,C0761,2026-05-27,Books,4706.38,0,6,UPI,No
O03372,C0761,2025-01-27,Electronics,1116.62,0,7,UPI,No
O03373,C0761,2025-12-23,Electronics,3155.72,0,1,Wallet,Yes
O03374,C0761,2026-01-28,Beauty,2408.06,0,5,Wallet,No
O03375,C0762,2026-02-05,Electronics,4538.55,10,3,Card,No
O03376,C0762,2026-03-25,Home,2128.66,5,4,Wallet,No
O03377,C0763,2024-06-18,Fashion,2547.44,5,8,Card,No
O03378,C0763,2024-07-29,Home,4841.79,0,4,Card,Yes
O03379,C0763,2024-07-18,Beauty,1506.1,15,1,COD,Yes
O03380,C0763,2025-09-19,Books,3249.21,15,4,Card,No
O03381,C0763,2025-09-06,Books,3618.88,0,7,COD,Yes
O03382,C0763,2024-11-19,Electronics,3577.25,15,1,Card,No
O03383,C0763,2025-07-24,Books,4248.71,0,3,Card,No
O03384,C0764,2024-06-11,Books,879.15,20,7,UPI,Yes
O03385,C0764,2024-08-10,Fashion,3426.65,0,4,COD,Yes
O03386,C0764,2025-02-27,Electronics,4360.34,0,7,Wallet,Yes
O03387,C0764,2025-03-10,Books,4088.06,10,5,Wallet,No
O03388,C0764,2025-01-07,Fashion,2012.2,5,6,COD,No
O03389,C0765,2025-11-20,Electronics,3395.52,5,6,Wallet,No
O03390,C0765,2024-12-02,Home,2653.81,5,1,UPI,Yes
O03391,C0766,2026-01-08,Beauty,4220.01,10,7,UPI,No
O03392,C0766,2026-03-02,Books,4707.68,5,5,Card,Yes
O03393,C0766,2024-12-25,Fashion,1452.97,5,4,COD,No
O03394,C0766,2024-12-10,Fashion,4517.12,15,2,Card,Yes
O03395,C0767,2026-05-21,Books,4616.64,0,8,UPI,No
O03396,C0767,2026-08-19,Books,2290.35,15,4,Card,No
O03397,C0767,2025-04-14,Electronics,2519.28,15,8,Card,Yes
O03398,C0767,2026-09-04,Beauty,906.95,20,5,Wallet,Yes
O03399,C0767,2026-02-12,Beauty,694.29,5,7,UPI,Yes
O03400,C0767,2025-09-24,Home,2058.19,15,5,COD,No
O03401,C0767,2026-08-03,Books,1632.85,0,2,COD,Yes
O03402,C0767,2025-05-02,Beauty,2057.14,0,5,Wallet,Yes
O03403,C0768,2024-06-21,Home,792.24,20,2,UPI,Yes
O03404,C0768,2025-06-08,Beauty,4968.66,15,3,Wallet,Yes
O03405,C0768,2025-08-14,Home,1530.91,5,2,UPI,Yes
O03406,C0768,2025-06-09,Fashion,3697.4,15,6,UPI,Yes
O03407,C0768,2024-10-23,Beauty,742.79,20,1,Wallet,No
O03408,C0768,2025-02-04,Beauty,2669.12,5,3,Card,No
O03409,C0768,2024-12-20,Fashion,3828.83,20,5,UPI,Yes
O03410,C0768,2025-06-20,Home,1938.02,0,4,Wallet,No
O03411,C0769,2024-10-26,Electronics,324.79,10,3,UPI,Yes
O03412,C0769,2024-11-24,Fashion,4572.23,0,4,COD,No
O03413,C0769,2025-11-30,Beauty,4767.26,20,8,UPI,Yes
O03414,C0769,2025-06-05,Electronics,4078.53,15,8,Wallet,Yes
O03415,C0769,2025-11-02,Electronics,3556.44,10,4,Wallet,No
O03416,C0769,2024-08-20,Electronics,4487.61,5,5,COD,No
O03417,C0770,2024-11-27,Books,1202.4,20,8,COD,Yes
O03418,C0770,2025-04-12,Books,3867.03,15,7,Wallet,Yes
O03419,C0770,2024-01-13,Home,2061.31,10,4,Wallet,Yes
O03420,C0770,2024-03-25,Fashion,3267.45,0,8,Card,Yes
O03421,C0771,2025-03-08,Home,4579.56,10,8,UPI,Yes
O03422,C0771,2025-02-04,Beauty,2805.66,10,1,Wallet,Yes
O03423,C0771,2024-07-29,Books,2798.73,0,6,COD,No
O03424,C0771,2024-09-14,Beauty,2521.51,20,8,COD,No
O03425,C0771,2025-08-02,Electronics,2185.07,0,2,UPI,No
O03426,C0771,2025-07-29,Home,2082.58,10,8,COD,No
O03427,C0771,2025-03-16,Fashion,2414.41,5,8,Wallet,Yes
O03428,C0771,2025-01-29,Electronics,2633.17,5,5,UPI,No
O03429,C0772,2025-05-16,Beauty,4245.68,20,7,Card,No
O03430,C0772,2025-07-13,Books,1248.72,20,3,Wallet,Yes
O03431,C0772,2026-08-01,Books,4439.13,20,8,COD,No
O03432,C0772,2025-06-15,Beauty,3832.97,20,4,Wallet,Yes
O03433,C0772,2026-05-25,Beauty,1269.54,5,8,Wallet,Yes
O03434,C0772,2025-07-31,Fashion,464.84,10,8,UPI,Yes
O03435,C0772,2026-07-08,Books,1027.48,20,1,Card,No
O03436,C0773,2024-11-20,Home,3160.56,10,4,Wallet,Yes
O03437,C0773,2025-05-29,Books,4109.1,20,1,COD,Yes
O03438,C0773,2024-04-16,Fashion,2114.37,5,6,COD,No
O03439,C0774,2025-01-03,Fashion,855.39,15,6,UPI,Yes
O03440,C0774,2025-10-29,Home,4335.13,20,5,COD,No
O03441,C0774,2026-03-31,Fashion,2498.61,0,6,UPI,Yes
O03442,C0774,2025-06-22,Home,1000.25,5,6,UPI,No
O03443,C0774,2025-06-13,Home,4877.25,5,7,COD,No
O03444,C0775,2026-03-27,Electronics,331.58,5,3,Card,Yes
O03445,C0775,2025-06-19,Books,1395.71,0,2,UPI,No
O03446,C0775,2026-03-31,Beauty,4829.4,20,4,Card,No
O03447,C0775,2026-08-05,Beauty,3928.33,15,3,Card,Yes
O03448,C0775,2025-10-29,Beauty,4046.91,10,5,Wallet,Yes
O03449,C0775,2025-06-09,Home,2474.67,10,7,UPI,No
O03450,C0775,2025-02-22,Beauty,1325.38,20,3,UPI,No
O03451,C0775,2025-02-18,Electronics,293.05,5,2,Wallet,No
O03452,C0776,2024-06-26,Home,594.89,10,8,COD,No
O03453,C0776,2024-08-30,Beauty,2112.07,5,8,UPI,Yes
O03454,C0776,2025-03-25,Books,2147.8,10,3,UPI,Yes
O03455,C0777,2024-12-23,Books,4161.14,0,4,Wallet,No
O03456,C0777,2025-04-27,Fashion,3727.73,0,4,COD,No
O03457,C0777,2024-11-24,Books,4530.02,20,4,UPI,No
O03458,C0777,2024-08-21,Home,4018.98,15,5,Card,Yes
O03459,C0777,2024-11-16,Home,2126.41,20,2,COD,Yes
O03460,C0778,2025-03-03,Beauty,2914.38,15,8,Card,Yes
O03461,C0779,2025-04-20,Fashion,2838.6,5,6,Card,Yes
O03462,C0779,2026-02-16,Beauty,4240.53,5,5,Wallet,No
O03463,C0780,2025-08-12,Books,4090.66,5,2,Wallet,Yes
O03464,C0780,2025-07-02,Books,3087.4,10,1,Wallet,No
O03465,C0780,2025-01-07,Fashion,4975.61,10,5,Wallet,Yes
O03466,C0780,2025-11-11,Home,960.57,20,3,UPI,Yes
O03467,C0780,2024-11-26,Books,1053.52,5,8,Wallet,No
O03468,C0780,2026-01-20,Home,1024.89,5,5,COD,Yes
O03469,C0781,2025-05-06,Home,3097.29,15,7,UPI,No
O03470,C0781,2026-01-08,Fashion,3812.88,20,5,UPI,Yes
O03471,C0781,2025-01-06,Home,3861.92,20,4,UPI,No
O03472,C0781,2025-03-27,Electronics,1606.46,0,7,UPI,No
O03473,C0781,2024-11-28,Home,3086.76,15,7,Card,No
O03474,C0781,2026-01-18,Books,811.74,15,3,Card,Yes
O03475,C0781,2025-11-28,Electronics,1456.16,5,3,Wallet,Yes
O03476,C0781,2025-01-12,Home,3058.08,0,2,UPI,No
O03477,C0782,2024-09-19,Home,2100.81,15,2,COD,No
O03478,C0782,2024-03-30,Beauty,4418.25,10,2,Card,Yes
O03479,C0782,2024-10-25,Books,4898.68,10,5,Card,Yes
O03480,C0783,2025-12-21,Books,4575.65,0,8,COD,Yes
O03481,C0783,2024-11-11,Books,3990.29,5,3,COD,No
O03482,C0783,2025-06-20,Electronics,2132.88,5,1,Card,Yes
O03483,C0783,2024-11-29,Books,3575.22,10,1,Wallet,No
O03484,C0783,2024-12-30,Home,4350.39,5,5,Wallet,No
O03485,C0783,2025-07-04,Home,4241.77,10,6,UPI,No
O03486,C0783,2025-04-20,Books,3278.23,20,2,Wallet,Yes
O03487,C0784,2025-08-24,Fashion,3185.47,20,5,Wallet,Yes
O03488,C0784,2025-10-16,Beauty,1733.43,5,4,COD,Yes
O03489,C0784,2026-06-15,Home,2450.29,15,4,Card,Yes
O03490,C0784,2026-06-13,Fashion,673.32,0,4,Wallet,Yes
O03491,C0784,2025-10-16,Electronics,1833.86,5,4,Card,No
O03492,C0785,2025-02-22,Fashion,303.87,15,6,Card,Yes
O03493,C0785,2025-02-10,Home,1304.73,0,1,Wallet,Yes
O03494,C0785,2024-10-14,Home,1392.98,0,3,UPI,No
O03495,C0785,2024-09-07,Home,1955.06,20,6,Wallet,Yes
O03496,C0785,2025-03-08,Home,3243.44,5,1,Card,No
O03497,C0785,2025-05-23,Electronics,2087.7,20,2,Card,No
O03498,C0785,2025-06-24,Home,4308.08,5,3,UPI,No
O03499,C0785,2025-11-19,Fashion,561.77,10,2,UPI,No
O03500,C0786,2025-03-13,Electronics,3159.06,10,8,Wallet,No
O03501,C0786,2026-01-03,Books,2581.65,15,2,Card,Yes
O03502,C0786,2026-06-13,Home,3232.66,15,3,Card,Yes
O03503,C0786,2026-03-18,Fashion,777.56,0,7,COD,No
O03504,C0786,2025-09-02,Electronics,1716.53,15,1,Wallet,Yes
O03505,C0787,2025-11-04,Beauty,4081.64,15,7,Wallet,Yes
O03506,C0787,2025-04-19,Books,1111.27,0,4,UPI,Yes
O03507,C0787,2024-09-29,Books,411.83,0,5,UPI,Yes
O03508,C0787,2024-11-09,Beauty,2530.84,20,2,Card,Yes
O03509,C0787,2025-03-24,Electronics,4036.39,15,7,Card,Yes
O03510,C0787,2025-08-01,Beauty,4841.05,10,8,UPI,No
O03511,C0787,2025-08-14,Home,4668.63,0,1,Wallet,No
O03512,C0788,2025-01-20,Books,2715.23,5,1,Wallet,Yes
O03513,C0788,2024-07-25,Home,3675.21,15,2,Card,Yes
O03514,C0788,2025-11-05,Home,1211.74,0,7,Wallet,Yes
O03515,C0788,2024-08-22,Electronics,4805.25,15,4,Wallet,No
O03516,C0788,2024-11-06,Home,3279.41,20,6,Card,No
O03517,C0788,2025-11-08,Books,4480.15,15,5,COD,Yes
O03518,C0788,2025-10-12,Books,2018.81,10,7,UPI,No
O03519,C0788,2025-12-09,Books,4487.43,10,2,COD,No
O03520,C0789,2024-11-30,Beauty,1394.93,0,2,Wallet,Yes
O03521,C0789,2024-06-23,Fashion,278.04,10,1,COD,No
O03522,C0789,2024-12-29,Fashion,3840.42,15,4,Wallet,No
O03523,C0789,2024-09-28,Electronics,288.46,15,4,Wallet,No
O03524,C0790,2024-12-11,Electronics,2828.03,0,3,Card,No
O03525,C0790,2024-04-24,Home,864.78,10,6,COD,Yes
O03526,C0790,2024-04-25,Beauty,4984.58,0,5,UPI,Yes
O03527,C0790,2025-07-17,Fashion,2127.02,20,8,Wallet,Yes
O03528,C0790,2025-01-08,Fashion,2012.03,0,7,Card,No
O03529,C0790,2024-11-06,Electronics,2725.53,0,1,UPI,No
O03530,C0791,2024-05-13,Electronics,2560.25,15,5,Wallet,No
O03531,C0791,2025-01-27,Fashion,2183.9,20,7,Wallet,Yes
O03532,C0791,2025-04-27,Fashion,678.93,5,7,COD,Yes
O03533,C0791,2025-08-01,Electronics,3934.35,0,7,Card,Yes
O03534,C0792,2025-06-03,Electronics,3769.08,5,8,COD,Yes
O03535,C0792,2025-05-20,Home,2689.55,0,1,Card,Yes
O03536,C0792,2025-04-17,Books,533.36,0,7,UPI,Yes
O03537,C0792,2024-12-16,Beauty,2979.75,20,8,COD,No
O03538,C0792,2025-09-17,Beauty,3247.45,20,1,Wallet,Yes
O03539,C0792,2025-07-08,Books,597.91,15,3,COD,No
O03540,C0793,2024-11-04,Fashion,1405.1,0,7,Card,No
O03541,C0793,2025-01-31,Home,2417.71,0,5,Card,Yes
O03542,C0793,2024-09-25,Fashion,4584.32,15,1,Wallet,Yes
O03543,C0793,2025-03-01,Beauty,3982.33,15,4,UPI,No
O03544,C0793,2024-08-31,Electronics,317.63,20,8,UPI,Yes
O03545,C0794,2026-03-16,Home,4790.78,15,3,Wallet,Yes
O03546,C0794,2025-12-15,Fashion,504.27,10,1,UPI,No
O03547,C0794,2025-05-28,Beauty,1150.42,0,2,UPI,Yes
O03548,C0794,2026-01-07,Electronics,246.6,5,6,Card,No
O03549,C0794,2025-06-20,Home,2335.68,10,1,Wallet,Yes
O03550,C0794,2026-07-21,Beauty,1933.56,10,1,UPI,No
O03551,C0795,2024-10-30,Home,304.55,10,2,Wallet,No
O03552,C0795,2025-07-09,Books,2474.25,10,3,Wallet,No
O03553,C0795,2024-10-15,Electronics,2383.97,5,5,Card,No
O03554,C0795,2025-05-19,Electronics,1439.7,20,8,Card,Yes
O03555,C0796,2025-02-07,Home,1091.95,0,7,UPI,No
O03556,C0796,2024-11-25,Books,1275.91,10,7,Card,Yes
O03557,C0796,2024-12-24,Fashion,1868.88,0,7,UPI,Yes
O03558,C0796,2024-12-05,Home,4982.96,10,7,Wallet,Yes
O03559,C0796,2025-04-26,Electronics,1746.17,15,7,COD,Yes
O03560,C0797,2025-02-23,Beauty,3919.51,10,5,UPI,No
O03561,C0797,2024-02-14,Books,4511.28,0,4,UPI,Yes
O03562,C0797,2025-05-13,Electronics,4030.08,15,1,Wallet,Yes
O03563,C0797,2025-06-08,Beauty,1703.35,5,5,Card,Yes
O03564,C0797,2025-05-01,Electronics,2733.46,15,2,UPI,No
O03565,C0798,2025-08-24,Home,4625.19,10,5,UPI,No
O03566,C0799,2025-02-14,Beauty,3394.8,15,5,COD,No
O03567,C0799,2024-12-03,Books,1298.3,0,2,Card,Yes
O03568,C0799,2025-06-24,Electronics,1370.25,10,1,Card,No
O03569,C0799,2025-08-08,Books,4903.74,0,4,Wallet,No
O03570,C0800,2025-07-12,Home,3533.46,20,3,Wallet,Yes
O03571,C0800,2024-11-17,Beauty,4005.34,15,6,COD,Yes
O03572,C0800,2024-10-05,Beauty,4355.63,15,7,UPI,No
O03573,C0800,2024-07-20,Home,4956.96,20,4,Card,Yes
O03574,C0800,2025-09-06,Books,4603.57,0,7,Wallet,Yes
O03575,C0801,2025-05-30,Electronics,2420.04,0,3,Wallet,Yes
O03576,C0801,2025-06-19,Home,317.59,10,4,Wallet,No
O03577,C0801,2025-08-21,Electronics,1201.4,0,8,COD,No
O03578,C0801,2025-07-11,Beauty,2532.79,5,4,COD,Yes
O03579,C0802,2025-09-06,Home,1746.34,0,1,Card,No
O03580,C0802,2024-10-25,Electronics,234.02,0,2,UPI,No
O03581,C0802,2025-11-09,Beauty,554.24,15,2,Card,No
O03582,C0803,2025-10-02,Fashion,205.8,20,3,COD,No
O03583,C0803,2025-04-01,Books,3867.98,5,7,Card,Yes
O03584,C0804,2025-06-27,Fashion,3446.09,15,8,COD,No
O03585,C0804,2025-04-12,Fashion,536.99,0,3,Card,Yes
O03586,C0805,2024-11-01,Electronics,783.51,5,7,UPI,Yes
O03587,C0805,2024-07-24,Books,2184.61,20,2,Card,No
O03588,C0805,2025-06-13,Books,1108.52,15,2,Wallet,No
O03589,C0805,2024-01-27,Fashion,4215.69,20,3,UPI,Yes
O03590,C0805,2024-07-13,Beauty,4892.05,5,3,Wallet,No
O03591,C0805,2024-04-25,Books,1039.06,20,4,COD,No
O03592,C0805,2024-06-29,Fashion,4694.16,20,6,Wallet,No
O03593,C0806,2025-08-01,Electronics,2635.02,10,2,Card,Yes
O03594,C0806,2024-06-29,Beauty,2245.21,20,1,UPI,No
O03595,C0806,2025-10-06,Home,2498.73,10,6,UPI,No
O03596,C0806,2024-10-30,Beauty,3943.99,0,8,Card,No
O03597,C0806,2024-08-21,Home,3502.86,15,1,Card,No
O03598,C0806,2024-11-01,Books,757.9,15,3,UPI,Yes
O03599,C0806,2024-10-09,Electronics,1113.26,20,5,UPI,Yes
O03600,C0807,2026-02-24,Beauty,4856.82,10,4,Wallet,No
O03601,C0807,2025-11-04,Home,523.75,15,3,COD,Yes
O03602,C0807,2025-01-29,Books,509.07,15,4,UPI,Yes
O03603,C0807,2026-05-09,Books,2243.34,15,6,Wallet,Yes
O03604,C0808,2024-09-20,Beauty,1198.37,0,1,COD,No
O03605,C0808,2024-11-04,Beauty,353.95,5,3,COD,Yes
O03606,C0808,2025-07-30,Electronics,2438.42,0,3,Wallet,Yes
O03607,C0809,2025-02-08,Beauty,3859.98,10,5,Card,Yes
O03608,C0809,2024-02-15,Electronics,2465.29,20,1,Wallet,Yes
O03609,C0809,2024-12-11,Home,861.09,0,8,Wallet,Yes
O03610,C0809,2025-06-28,Fashion,3142.75,15,7,COD,Yes
O03611,C0809,2024-07-22,Home,3198.59,10,6,UPI,Yes
O03612,C0809,2024-03-02,Electronics,4793.58,20,2,UPI,No
O03613,C0809,2024-11-01,Books,3608.03,5,3,Card,Yes
O03614,C0810,2024-09-10,Beauty,1746.75,5,3,UPI,Yes
O03615,C0810,2024-10-12,Fashion,3477.45,15,5,COD,Yes
O03616,C0810,2024-05-04,Beauty,4906.93,0,3,UPI,No
O03617,C0811,2026-04-26,Electronics,3689.04,5,5,Card,Yes
O03618,C0811,2025-09-16,Electronics,1994.32,0,5,Wallet,Yes
O03619,C0811,2026-03-21,Electronics,2076.63,0,8,COD,No
O03620,C0811,2025-12-04,Home,2851.13,0,2,Wallet,No
O03621,C0811,2025-11-01,Fashion,884.97,20,7,UPI,Yes
O03622,C0811,2025-10-28,Electronics,660.28,10,6,UPI,No
O03623,C0811,2026-02-28,Electronics,673.83,10,4,Card,No
O03624,C0812,2025-06-07,Books,2615.43,15,4,COD,Yes
O03625,C0813,2024-12-24,Beauty,4704.41,10,4,UPI,Yes
O03626,C0813,2024-09-26,Fashion,755.9,10,6,COD,No
O03627,C0813,2024-12-31,Books,2422.43,0,3,Card,Yes
O03628,C0813,2025-09-27,Fashion,1526.53,0,1,COD,No
O03629,C0813,2025-12-27,Beauty,4476.29,15,1,UPI,No
O03630,C0813,2024-09-06,Fashion,4036.51,5,5,Card,No
O03631,C0813,2025-05-31,Home,4806.2,20,5,Card,Yes
O03632,C0814,2025-11-05,Electronics,3078.0,5,2,Wallet,Yes
O03633,C0814,2024-07-04,Books,3601.48,15,6,Card,No
O03634,C0814,2025-02-27,Electronics,1760.66,15,2,UPI,No
O03635,C0814,2025-12-11,Electronics,2938.11,10,1,Card,Yes
O03636,C0814,2024-10-13,Books,3927.62,20,4,Wallet,Yes
O03637,C0814,2024-06-23,Home,4593.98,15,4,Wallet,Yes
O03638,C0814,2024-10-27,Electronics,3423.77,15,4,COD,No
O03639,C0814,2024-10-02,Beauty,3754.27,20,4,Wallet,Yes
O03640,C0815,2024-10-15,Fashion,4579.35,20,4,Wallet,No
O03641,C0815,2025-01-23,Beauty,2664.15,0,7,COD,Yes
O03642,C0815,2025-12-18,Electronics,2100.44,20,4,UPI,Yes
O03643,C0815,2025-12-21,Beauty,1338.62,20,5,COD,No
O03644,C0815,2025-07-13,Home,2420.26,10,5,UPI,Yes
O03645,C0815,2025-12-02,Books,2134.36,5,3,Wallet,No
O03646,C0815,2025-06-14,Books,3340.12,10,5,UPI,No
O03647,C0816,2024-03-12,Home,2417.89,20,7,COD,No
O03648,C0816,2025-06-19,Home,3830.37,15,8,UPI,No
O03649,C0816,2025-05-19,Home,2725.99,0,4,Wallet,Yes
O03650,C0816,2024-03-15,Books,4981.18,15,2,Wallet,Yes
O03651,C0816,2024-08-01,Electronics,1718.25,15,1,Card,No
O03652,C0816,2024-06-25,Beauty,913.34,10,4,COD,Yes
O03653,C0817,2024-06-14,Electronics,3694.62,5,4,Wallet,No
O03654,C0817,2024-11-17,Home,961.39,10,4,UPI,No
O03655,C0817,2025-08-05,Fashion,948.2,5,1,Card,Yes
O03656,C0817,2025-01-30,Home,2513.94,15,2,COD,Yes
O03657,C0817,2025-01-04,Home,3609.73,10,6,Wallet,Yes
O03658,C0817,2024-09-30,Electronics,376.39,15,7,COD,Yes
O03659,C0818,2025-08-04,Fashion,4036.14,0,2,Card,Yes
O03660,C0818,2024-09-08,Books,2492.52,10,1,UPI,No
O03661,C0818,2025-05-29,Fashion,696.17,5,3,Card,Yes
O03662,C0818,2025-04-18,Books,2053.78,20,5,COD,Yes
O03663,C0818,2024-04-14,Home,4696.69,10,6,COD,No
O03664,C0819,2025-04-10,Books,231.76,20,8,COD,Yes
O03665,C0819,2024-09-21,Books,3301.6,5,8,UPI,No
O03666,C0819,2025-03-23,Fashion,369.76,15,3,Wallet,Yes
O03667,C0819,2025-04-06,Fashion,4471.0,5,1,Card,Yes
O03668,C0819,2025-04-26,Electronics,1997.72,15,6,UPI,No
O03669,C0819,2024-03-06,Electronics,2272.0,0,8,COD,Yes
O03670,C0820,2024-05-02,Fashion,2394.06,0,8,Wallet,Yes
O03671,C0820,2024-06-13,Fashion,2845.92,5,4,UPI,Yes
O03672,C0820,2025-04-20,Electronics,3959.34,0,3,COD,Yes
O03673,C0820,2024-04-24,Fashion,2505.84,15,3,UPI,Yes
O03674,C0820,2024-08-05,Books,4445.41,15,4,COD,Yes
O03675,C0821,2025-02-07,Electronics,4475.19,15,3,Card,Yes
O03676,C0821,2025-01-30,Electronics,3526.25,5,1,Wallet,Yes
O03677,C0821,2025-06-15,Home,1441.69,20,7,COD,Yes
O03678,C0821,2025-05-25,Beauty,2557.13,15,1,UPI,No
O03679,C0821,2025-05-19,Home,2311.81,5,5,COD,No
O03680,C0821,2025-03-31,Home,2374.63,15,8,Wallet,No
O03681,C0821,2024-09-04,Books,2319.29,10,5,Wallet,No
O03682,C0821,2025-12-03,Books,3922.09,0,1,Card,No
O03683,C0822,2025-09-20,Books,2660.72,0,3,Wallet,No
O03684,C0823,2024-05-18,Electronics,3298.27,10,7,Wallet,No
O03685,C0823,2025-08-12,Electronics,250.76,15,4,Wallet,No
O03686,C0823,2025-06-29,Electronics,4853.19,5,6,Wallet,Yes
O03687,C0823,2024-07-07,Fashion,4424.56,20,5,COD,Yes
O03688,C0823,2025-03-20,Electronics,3426.81,15,5,UPI,Yes
O03689,C0823,2024-05-29,Beauty,4890.1,0,5,Wallet,Yes
O03690,C0823,2024-07-02,Books,2462.15,0,7,COD,Yes
O03691,C0823,2024-04-12,Electronics,2501.78,15,2,COD,Yes
O03692,C0824,2025-06-18,Home,2374.46,15,3,UPI,Yes
O03693,C0824,2025-04-26,Electronics,4877.34,20,2,UPI,Yes
O03694,C0824,2025-09-18,Books,444.78,20,2,COD,Yes
O03695,C0824,2024-11-22,Fashion,256.74,10,1,COD,No
O03696,C0824,2024-11-09,Beauty,3493.17,5,4,UPI,Yes
O03697,C0824,2024-06-07,Beauty,4950.83,15,3,COD,No
O03698,C0824,2025-02-25,Fashion,3312.43,20,6,Wallet,No
O03699,C0824,2025-08-31,Fashion,3791.2,10,5,Card,No
O03700,C0825,2025-02-01,Home,1550.15,0,7,COD,Yes
O03701,C0825,2026-03-02,Electronics,1600.26,5,6,Card,No
O03702,C0825,2025-07-29,Books,4368.31,20,7,Wallet,No
O03703,C0826,2025-09-17,Books,2582.74,10,2,UPI,No
O03704,C0826,2026-03-18,Beauty,1631.72,20,7,UPI,No
O03705,C0826,2025-07-07,Beauty,3023.51,0,1,Card,No
O03706,C0826,2026-02-28,Electronics,2123.69,10,5,Wallet,No
O03707,C0826,2025-06-29,Fashion,1787.36,5,7,COD,No
O03708,C0826,2025-06-07,Beauty,1723.22,0,8,UPI,Yes
O03709,C0827,2025-08-17,Beauty,1401.37,20,7,COD,Yes
O03710,C0827,2024-08-04,Beauty,566.6,15,6,UPI,Yes
O03711,C0828,2025-07-25,Fashion,239.91,5,1,Wallet,No
O03712,C0828,2024-07-04,Fashion,1861.59,0,8,COD,No
O03713,C0828,2024-11-26,Beauty,2823.91,20,3,Wallet,Yes
O03714,C0828,2024-06-20,Books,4848.25,10,5,COD,No
O03715,C0828,2024-12-05,Fashion,2055.66,20,5,Card,No
O03716,C0829,2025-11-06,Electronics,586.9,15,7,Card,No
O03717,C0829,2026-04-15,Home,2769.61,5,5,Card,No
O03718,C0829,2026-08-05,Beauty,4348.51,20,7,Wallet,No
O03719,C0829,2026-08-30,Home,1787.09,20,5,COD,No
O03720,C0829,2026-03-03,Home,4839.09,0,4,UPI,Yes
O03721,C0829,2025-12-10,Home,2196.55,20,1,Wallet,Yes
O03722,C0829,2026-08-13,Beauty,1797.78,5,2,COD,No
O03723,C0829,2026-01-16,Electronics,2676.48,5,1,COD,No
O03724,C0830,2026-03-31,Home,770.38,15,2,Wallet,Yes
O03725,C0830,2025-06-23,Electronics,3565.91,15,4,UPI,No
O03726,C0830,2026-01-17,Home,3143.79,5,1,UPI,No
O03727,C0830,2025-03-15,Books,830.33,10,3,Card,Yes
O03728,C0830,2025-04-03,Fashion,1223.26,15,8,UPI,No
O03729,C0830,2025-07-23,Home,1564.49,15,8,Card,Yes
O03730,C0831,2026-07-02,Beauty,2813.75,15,3,UPI,No
O03731,C0832,2026-01-09,Home,2126.43,15,4,COD,No
O03732,C0832,2024-10-22,Fashion,2709.85,20,1,Card,No
O03733,C0832,2024-12-22,Beauty,564.93,20,3,Wallet,No
O03734,C0832,2024-09-13,Beauty,4574.39,10,6,Wallet,No
O03735,C0832,2025-01-28,Beauty,2776.91,10,3,Wallet,Yes
O03736,C0832,2025-07-04,Electronics,939.75,5,4,Card,No
O03737,C0833,2025-05-04,Home,4734.3,5,7,Wallet,No
O03738,C0833,2025-03-21,Fashion,853.68,15,6,Card,No
O03739,C0833,2025-03-10,Fashion,4911.48,0,4,Wallet,No
O03740,C0833,2024-10-05,Electronics,4189.58,0,8,Wallet,Yes
O03741,C0834,2025-12-19,Books,2505.63,5,6,Card,Yes
O03742,C0834,2026-03-15,Electronics,2598.59,10,1,COD,Yes
O03743,C0834,2025-11-19,Fashion,2747.55,0,8,Card,No
O03744,C0834,2025-07-20,Fashion,3778.23,20,3,COD,No
O03745,C0834,2024-12-30,Home,1698.43,0,3,Card,No
O03746,C0834,2025-11-22,Beauty,1821.21,20,7,Card,No
O03747,C0835,2026-06-01,Home,2488.05,20,2,Wallet,No
O03748,C0835,2026-05-16,Fashion,4373.34,20,8,Wallet,No
O03749,C0836,2025-09-28,Fashion,2597.41,5,4,Card,Yes
O03750,C0836,2024-12-27,Home,1560.43,20,6,Wallet,No
O03751,C0836,2024-08-12,Fashion,250.72,5,7,COD,No
O03752,C0836,2025-04-25,Home,4802.66,0,7,Wallet,No
O03753,C0836,2024-08-07,Fashion,3253.66,0,6,UPI,Yes
O03754,C0837,2025-08-27,Electronics,1358.35,15,8,Card,Yes
O03755,C0838,2024-06-15,Electronics,2796.02,10,1,Card,Yes
O03756,C0838,2025-08-18,Home,1544.98,15,4,Wallet,Yes
O03757,C0839,2024-05-19,Home,4990.33,20,7,Wallet,No
O03758,C0839,2025-06-24,Home,3544.82,15,5,COD,No
O03759,C0839,2025-03-22,Home,4886.06,10,1,Card,No
O03760,C0839,2024-07-23,Books,2903.1,0,2,COD,No
O03761,C0839,2024-12-26,Beauty,4508.34,10,4,Card,No
O03762,C0839,2024-07-20,Fashion,3747.53,0,6,Wallet,Yes
O03763,C0839,2024-05-23,Electronics,2092.92,0,6,Card,Yes
O03764,C0839,2025-01-08,Books,4194.71,10,6,COD,No
O03765,C0840,2025-07-15,Books,3227.24,5,5,UPI,Yes
O03766,C0840,2025-01-19,Home,4765.14,5,4,Card,Yes
O03767,C0840,2024-09-06,Home,3741.57,0,5,Card,Yes
O03768,C0841,2025-05-03,Beauty,1044.93,0,2,COD,Yes
O03769,C0841,2026-01-28,Beauty,2495.34,20,6,UPI,Yes
O03770,C0841,2025-11-16,Beauty,4640.35,10,8,UPI,Yes
O03771,C0841,2025-09-30,Home,4540.34,15,6,UPI,Yes
O03772,C0841,2025-04-30,Fashion,4783.1,10,2,Card,No
O03773,C0842,2025-09-22,Fashion,3083.97,15,7,Wallet,No
O03774,C0842,2025-05-15,Home,1091.07,5,4,UPI,Yes
O03775,C0842,2025-07-19,Beauty,324.42,0,3,Card,Yes
O03776,C0842,2025-10-02,Beauty,389.28,10,5,UPI,Yes
O03777,C0843,2025-12-06,Home,3451.65,5,5,Card,Yes
O03778,C0843,2025-03-03,Beauty,3445.28,5,1,UPI,Yes
O03779,C0844,2024-09-11,Books,1320.82,15,7,UPI,No
O03780,C0844,2024-06-18,Electronics,4574.16,5,2,UPI,Yes
O03781,C0844,2025-09-09,Home,4007.28,0,8,COD,Yes
O03782,C0844,2024-08-01,Fashion,1348.05,0,4,Card,No
O03783,C0844,2025-01-03,Electronics,3043.68,15,7,UPI,No
O03784,C0844,2025-09-22,Home,2478.8,0,7,Wallet,No
O03785,C0844,2025-03-30,Home,3805.42,15,3,Card,Yes
O03786,C0844,2024-06-25,Electronics,4162.45,15,4,UPI,Yes
O03787,C0845,2025-10-25,Electronics,3898.61,5,8,Wallet,Yes
O03788,C0846,2025-01-19,Books,3050.28,20,5,Wallet,No
O03789,C0847,2026-04-04,Electronics,484.47,10,8,UPI,Yes
O03790,C0847,2026-05-09,Home,4359.91,0,2,Wallet,Yes
O03791,C0847,2025-08-30,Fashion,1076.51,0,5,Wallet,No
O03792,C0847,2026-06-18,Home,3935.92,20,5,Card,Yes
O03793,C0848,2024-11-11,Beauty,882.28,5,6,COD,No
O03794,C0848,2025-02-09,Fashion,1909.14,20,2,UPI,No
O03795,C0848,2024-05-29,Beauty,4826.51,5,5,Card,No
O03796,C0848,2025-09-24,Beauty,2804.77,15,4,Card,No
O03797,C0848,2024-11-18,Beauty,897.78,0,4,UPI,No
O03798,C0848,2025-01-01,Home,2173.73,20,8,COD,No
O03799,C0848,2025-07-10,Beauty,4513.21,15,5,Wallet,No
O03800,C0848,2024-08-13,Electronics,2085.9,5,8,UPI,No
O03801,C0849,2025-09-01,Home,2118.25,10,2,COD,Yes
O03802,C0849,2025-10-04,Home,696.51,0,5,COD,No
O03803,C0849,2024-10-26,Fashion,2811.44,15,5,UPI,Yes
O03804,C0849,2025-06-25,Electronics,2787.27,10,2,Wallet,Yes
O03805,C0849,2024-11-16,Electronics,4411.76,20,2,Card,No
O03806,C0849,2024-05-19,Home,3956.93,10,6,Wallet,No
O03807,C0849,2025-01-16,Beauty,1042.16,5,7,Wallet,No
O03808,C0849,2024-12-20,Home,2599.19,0,2,Card,No
O03809,C0850,2026-03-23,Electronics,3437.92,0,7,Card,Yes
O03810,C0850,2025-06-22,Fashion,645.04,5,7,Wallet,Yes
O03811,C0850,2025-11-06,Beauty,4849.64,15,7,COD,Yes
O03812,C0850,2025-07-05,Fashion,3327.84,15,8,Card,No
O03813,C0850,2025-05-21,Books,4723.05,0,6,Card,No
O03814,C0850,2025-04-25,Books,3948.28,10,2,UPI,Yes
O03815,C0851,2024-11-13,Beauty,4117.98,10,5,Card,No
O03816,C0851,2025-05-25,Fashion,362.85,15,7,COD,No
O03817,C0851,2024-06-12,Beauty,1663.43,10,3,COD,No
O03818,C0851,2025-03-08,Home,2253.18,5,6,UPI,No
O03819,C0852,2025-08-27,Electronics,2602.35,15,1,UPI,No
O03820,C0852,2025-10-03,Beauty,1500.33,10,8,COD,Yes
O03821,C0852,2025-11-02,Books,1702.61,5,2,Card,Yes
O03822,C0852,2026-05-14,Electronics,1536.79,0,8,UPI,Yes
O03823,C0852,2026-06-06,Fashion,261.24,20,2,COD,No
O03824,C0852,2026-06-10,Fashion,2144.17,0,2,COD,No
O03825,C0853,2025-08-30,Beauty,3625.44,5,3,Card,No
O03826,C0853,2025-04-05,Home,3437.61,15,8,Wallet,Yes
O03827,C0853,2025-05-15,Books,431.73,10,3,Wallet,No
O03828,C0853,2026-01-24,Electronics,4762.81,0,8,COD,Yes
O03829,C0854,2025-06-11,Books,4675.33,20,1,UPI,Yes
O03830,C0854,2026-05-29,Books,772.45,10,5,COD,No
O03831,C0854,2025-06-20,Electronics,4845.62,20,4,Wallet,No
O03832,C0854,2026-02-02,Books,1027.82,5,5,COD,Yes
O03833,C0854,2025-11-30,Home,2585.8,20,8,Wallet,No
O03834,C0855,2024-12-17,Electronics,1362.8,5,6,UPI,Yes
O03835,C0855,2024-06-19,Books,3823.77,20,7,UPI,No
O03836,C0855,2025-02-22,Fashion,2177.29,20,1,Wallet,No
O03837,C0856,2026-07-26,Books,503.25,20,5,Card,Yes
O03838,C0856,2025-04-13,Books,4179.72,0,4,UPI,No
O03839,C0856,2025-05-29,Beauty,4091.56,0,8,Wallet,No
O03840,C0856,2025-11-28,Electronics,988.26,20,8,Card,No
O03841,C0856,2026-09-10,Books,1502.34,15,3,COD,No
O03842,C0856,2026-06-05,Beauty,4682.57,15,3,COD,Yes
O03843,C0857,2026-01-31,Books,2319.88,15,7,COD,No
O03844,C0857,2025-06-12,Beauty,3912.39,0,3,Wallet,No
O03845,C0857,2026-08-05,Electronics,2487.82,0,6,Card,No
O03846,C0857,2026-02-17,Electronics,3870.63,5,3,Wallet,Yes
O03847,C0857,2026-04-23,Electronics,3134.99,5,4,Card,No
O03848,C0857,2025-11-29,Books,1857.5,5,6,Card,Yes
O03849,C0857,2025-04-15,Home,4995.65,0,8,Wallet,Yes
O03850,C0858,2025-03-26,Home,2431.92,0,8,Card,No
O03851,C0858,2025-01-11,Electronics,2514.5,10,1,Card,No
O03852,C0858,2025-08-12,Fashion,3082.3,5,4,Wallet,No
O03853,C0859,2025-06-12,Books,964.84,5,4,Card,No
O03854,C0859,2024-10-26,Electronics,1093.94,0,4,Card,Yes
O03855,C0859,2025-08-24,Electronics,4157.85,20,1,COD,Yes
O03856,C0859,2024-11-27,Fashion,1404.72,15,1,UPI,No
O03857,C0859,2024-11-17,Electronics,1117.22,20,4,Card,No
O03858,C0859,2025-05-09,Fashion,2113.39,10,2,Wallet,Yes
O03859,C0860,2024-09-11,Beauty,2492.09,15,7,UPI,No
O03860,C0860,2025-03-16,Home,1973.74,10,6,Card,Yes
O03861,C0860,2025-05-29,Books,2549.44,20,4,Card,No
O03862,C0860,2025-03-10,Fashion,344.56,15,4,Card,No
O03863,C0860,2025-11-03,Home,2740.73,5,4,Card,Yes
O03864,C0860,2024-12-30,Beauty,3095.51,5,8,Card,Yes
O03865,C0861,2026-02-25,Electronics,4826.97,0,6,Card,No
O03866,C0861,2025-01-02,Beauty,2101.39,15,7,UPI,No
O03867,C0861,2026-04-04,Books,1271.14,15,5,Wallet,Yes
O03868,C0861,2025-10-22,Fashion,4178.42,5,7,COD,Yes
O03869,C0861,2024-12-22,Fashion,1309.33,10,6,Card,No
O03870,C0861,2026-01-16,Home,1010.7,10,2,Wallet,Yes
O03871,C0862,2026-03-20,Electronics,4601.38,5,5,COD,No
O03872,C0862,2026-01-27,Home,2190.84,5,7,UPI,No
O03873,C0862,2025-06-08,Electronics,2665.03,0,4,Card,Yes
O03874,C0862,2025-04-26,Fashion,3378.5,15,8,Wallet,Yes
O03875,C0862,2025-09-28,Books,1884.44,5,7,Card,Yes
O03876,C0863,2025-07-05,Electronics,2245.21,0,7,UPI,Yes
O03877,C0863,2025-05-10,Books,1651.35,0,7,Wallet,Yes
O03878,C0863,2025-10-04,Books,2184.08,20,5,Card,No
O03879,C0863,2026-10-08,Home,1915.54,0,6,Wallet,No
O03880,C0864,2026-07-04,Home,664.29,10,7,UPI,Yes
O03881,C0864,2025-12-01,Fashion,1880.33,10,8,Wallet,No
O03882,C0864,2025-12-16,Fashion,1423.72,5,8,Wallet,Yes
O03883,C0864,2026-01-11,Home,827.69,15,1,Wallet,No
O03884,C0865,2026-07-20,Books,2324.2,10,4,Card,No
O03885,C0865,2026-04-14,Beauty,408.3,10,7,Card,Yes
O03886,C0865,2026-05-25,Electronics,957.16,5,6,Card,Yes
O03887,C0865,2026-09-21,Home,4330.75,15,7,Card,No
O03888,C0865,2025-11-29,Home,1631.22,10,4,Wallet,No
O03889,C0866,2025-05-04,Beauty,354.53,15,4,UPI,Yes
O03890,C0866,2025-09-16,Home,2820.33,10,4,Wallet,No
O03891,C0866,2025-04-26,Beauty,2250.4,0,5,Card,No
O03892,C0866,2025-05-18,Books,1445.87,15,5,UPI,Yes
O03893,C0866,2025-06-11,Electronics,589.11,10,3,UPI,Yes
O03894,C0866,2025-05-20,Beauty,3554.01,15,6,UPI,Yes
O03895,C0867,2025-02-07,Books,828.91,0,7,UPI,Yes
O03896,C0867,2025-07-03,Electronics,1706.22,5,1,COD,No
O03897,C0867,2024-08-07,Electronics,3991.13,0,1,UPI,Yes
O03898,C0867,2024-11-19,Electronics,4091.1,20,8,UPI,No
O03899,C0868,2025-02-09,Home,1110.53,0,7,COD,No
O03900,C0868,2025-02-14,Beauty,2962.82,15,4,Wallet,Yes
O03901,C0868,2026-03-11,Electronics,2278.88,15,8,UPI,Yes
O03902,C0868,2025-08-28,Beauty,3129.53,5,3,Card,No
O03903,C0868,2024-10-31,Beauty,2553.9,15,2,UPI,Yes
O03904,C0869,2026-02-18,Fashion,2967.14,0,3,COD,Yes
O03905,C0869,2025-06-30,Books,4729.61,0,4,Wallet,No
O03906,C0869,2026-05-14,Books,2706.32,5,6,Wallet,No
O03907,C0869,2025-05-15,Electronics,2065.57,5,2,Wallet,Yes
O03908,C0870,2025-03-21,Electronics,2260.77,5,8,UPI,Yes
O03909,C0870,2026-03-22,Beauty,430.72,0,2,UPI,Yes
O03910,C0870,2025-08-28,Fashion,4399.05,0,4,Card,No
O03911,C0870,2026-01-05,Beauty,3001.84,5,8,UPI,No
O03912,C0870,2025-06-08,Home,1261.58,20,5,Wallet,Yes
O03913,C0870,2025-01-25,Electronics,4431.07,20,7,Wallet,Yes
O03914,C0871,2025-07-16,Fashion,876.71,15,1,UPI,Yes
O03915,C0871,2026-06-29,Beauty,3972.91,0,2,COD,No
O03916,C0872,2025-05-02,Home,1431.94,15,4,COD,No
O03917,C0872,2025-11-01,Electronics,2916.99,15,6,UPI,No
O03918,C0872,2026-06-15,Books,366.71,10,3,COD,No
O03919,C0872,2026-04-05,Beauty,3051.78,20,4,COD,Yes
O03920,C0872,2026-05-31,Electronics,1437.88,10,5,Card,Yes
O03921,C0872,2025-11-11,Books,3177.43,15,8,Card,No
O03922,C0872,2025-08-01,Books,3437.52,15,5,Wallet,Yes
O03923,C0872,2026-01-06,Books,1137.21,10,2,Wallet,Yes
O03924,C0873,2026-03-11,Fashion,1736.81,15,1,Card,No
O03925,C0873,2025-10-28,Books,607.05,5,7,Wallet,No
O03926,C0873,2024-10-04,Beauty,3886.37,20,5,Card,No
O03927,C0873,2025-11-09,Books,4405.42,0,7,UPI,No
O03928,C0873,2025-10-09,Books,2016.7,10,8,UPI,Yes
O03929,C0873,2024-11-29,Fashion,4504.86,5,8,UPI,Yes
O03930,C0873,2025-08-22,Fashion,910.2,10,3,Card,No
O03931,C0874,2026-08-17,Beauty,4220.89,15,5,UPI,No
O03932,C0874,2025-08-31,Home,718.4,5,1,UPI,No
O03933,C0874,2025-10-19,Fashion,1786.2,0,2,COD,No
O03934,C0874,2026-04-27,Home,279.96,5,4,Card,Yes
O03935,C0874,2025-07-07,Electronics,3682.89,20,2,UPI,Yes
O03936,C0874,2025-12-02,Electronics,4598.8,10,4,UPI,No
O03937,C0875,2025-12-14,Books,3534.4,15,4,Card,No
O03938,C0875,2025-05-03,Electronics,3830.36,15,2,Card,Yes
O03939,C0875,2025-06-20,Beauty,1241.65,0,2,UPI,Yes
O03940,C0875,2026-04-14,Fashion,922.9,15,5,COD,No
O03941,C0876,2025-09-28,Home,2618.89,10,8,Card,No
O03942,C0876,2025-04-29,Beauty,3882.77,20,5,Card,Yes
O03943,C0876,2026-02-10,Home,4155.03,10,3,COD,Yes
O03944,C0876,2025-02-01,Home,3269.09,0,4,UPI,No
O03945,C0876,2026-03-16,Beauty,3461.9,0,3,COD,Yes
O03946,C0876,2025-06-05,Fashion,1408.47,20,6,Card,No
O03947,C0877,2025-06-11,Electronics,2022.52,20,7,Card,No
O03948,C0877,2025-01-23,Electronics,1740.57,5,8,UPI,No
O03949,C0877,2025-02-06,Books,1196.51,20,4,COD,Yes
O03950,C0877,2024-07-06,Books,1982.81,5,3,UPI,Yes
O03951,C0877,2025-07-28,Home,4238.71,10,2,Card,Yes
O03952,C0877,2024-07-25,Electronics,273.08,10,7,COD,No
O03953,C0877,2024-08-15,Home,3036.23,10,7,Wallet,No
O03954,C0877,2024-12-25,Electronics,4671.55,20,4,Wallet,Yes
O03955,C0878,2025-10-26,Fashion,4458.39,20,8,Wallet,No
O03956,C0878,2025-03-21,Fashion,642.73,10,1,Card,No
O03957,C0878,2025-12-25,Home,3078.83,20,8,COD,No
O03958,C0878,2025-05-01,Books,3721.58,20,2,Wallet,Yes
O03959,C0879,2025-12-09,Beauty,2390.45,5,4,Wallet,No
O03960,C0879,2025-06-16,Fashion,4772.37,0,4,Card,Yes
O03961,C0879,2025-11-07,Home,1299.74,20,6,UPI,No
O03962,C0879,2025-05-15,Electronics,1591.22,10,4,Card,No
O03963,C0879,2026-08-18,Books,1686.34,10,8,UPI,No
O03964,C0880,2024-01-23,Books,217.91,5,8,Card,Yes
O03965,C0880,2024-05-13,Beauty,4354.19,5,3,UPI,Yes
O03966,C0880,2025-06-09,Books,2193.62,20,3,COD,No
O03967,C0880,2024-05-26,Beauty,2247.98,5,4,Card,Yes
O03968,C0880,2024-11-12,Beauty,3665.23,15,6,Card,Yes
O03969,C0880,2025-02-25,Electronics,2124.26,10,7,COD,Yes
O03970,C0880,2024-04-16,Home,1072.18,5,5,COD,No
O03971,C0881,2025-02-01,Fashion,939.3,0,5,UPI,No
O03972,C0881,2025-06-21,Books,2444.88,0,2,COD,Yes
O03973,C0881,2025-11-13,Electronics,1411.62,15,2,COD,No
O03974,C0881,2025-10-29,Beauty,3742.94,10,6,Card,Yes
O03975,C0881,2025-07-03,Electronics,2598.28,5,4,Wallet,Yes
O03976,C0881,2025-12-01,Fashion,1814.98,15,8,Wallet,No
O03977,C0882,2025-08-11,Electronics,3983.9,5,7,COD,Yes
O03978,C0882,2025-12-17,Beauty,1432.83,10,2,Card,Yes
O03979,C0882,2025-06-07,Fashion,1059.95,5,8,Card,Yes
O03980,C0882,2025-12-21,Home,4277.72,0,2,UPI,Yes
O03981,C0883,2025-07-31,Home,4841.68,5,5,Card,No
O03982,C0883,2024-10-23,Electronics,2597.08,10,3,UPI,Yes
O03983,C0883,2024-02-11,Electronics,4347.23,15,7,COD,No
O03984,C0883,2024-02-27,Home,1696.96,15,2,Card,Yes
O03985,C0883,2025-03-05,Books,2380.11,5,7,Wallet,No
O03986,C0884,2024-10-05,Fashion,3856.04,15,8,COD,Yes
O03987,C0885,2025-05-23,Beauty,4499.86,15,6,UPI,No
O03988,C0885,2025-12-17,Beauty,4592.03,5,8,Card,No
O03989,C0885,2026-04-04,Home,234.14,10,2,UPI,No
O03990,C0885,2026-05-07,Books,1186.89,0,3,Wallet,No
O03991,C0885,2026-02-01,Electronics,2640.25,0,7,COD,No
O03992,C0885,2025-07-05,Books,4720.47,20,7,COD,Yes
O03993,C0885,2025-06-29,Home,4965.73,10,7,Wallet,Yes
O03994,C0885,2025-06-02,Books,2036.86,15,3,Wallet,No
O03995,C0886,2026-09-11,Books,2333.36,20,7,COD,No
O03996,C0886,2026-06-26,Home,3773.99,5,6,COD,No
O03997,C0886,2025-12-13,Fashion,4344.96,10,1,UPI,No
O03998,C0886,2025-12-02,Beauty,2324.88,0,3,COD,No
O03999,C0886,2026-02-15,Home,4416.78,0,5,Card,No
O04000,C0886,2026-03-22,Books,1542.36,20,1,UPI,No
O04001,C0887,2024-11-05,Fashion,3663.75,15,2,Wallet,No
O04002,C0887,2025-10-17,Electronics,405.92,15,5,Card,No
O04003,C0887,2024-11-28,Electronics,465.74,10,5,UPI,No
O04004,C0887,2024-12-07,Electronics,1048.05,10,5,UPI,Yes
O04005,C0888,2026-05-03,Books,1188.68,15,5,COD,No
O04006,C0888,2025-11-14,Books,3519.95,0,7,Card,Yes
O04007,C0888,2025-07-04,Beauty,4536.46,20,4,Wallet,No
O04008,C0888,2025-06-09,Electronics,1811.24,20,3,COD,Yes
O04009,C0888,2025-04-10,Fashion,4410.2,15,1,Wallet,Yes
O04010,C0888,2026-06-24,Beauty,4060.13,10,2,UPI,No
O04011,C0888,2025-12-18,Beauty,4888.42,15,5,Wallet,No
O04012,C0888,2025-09-10,Electronics,2688.17,15,4,UPI,No
O04013,C0889,2025-02-09,Beauty,3587.91,20,8,Card,No
O04014,C0889,2024-06-01,Fashion,4740.02,15,6,UPI,Yes
O04015,C0889,2025-08-30,Beauty,339.17,15,7,COD,No
O04016,C0889,2025-09-02,Beauty,490.22,0,2,Card,Yes
O04017,C0889,2025-01-08,Electronics,4438.62,5,7,UPI,Yes
O04018,C0889,2024-11-17,Home,2561.52,20,5,COD,Yes
O04019,C0890,2026-05-21,Beauty,2340.29,0,6,Wallet,Yes
O04020,C0890,2025-02-08,Home,3214.25,0,7,UPI,No
O04021,C0890,2025-09-24,Books,395.98,20,1,Card,No
O04022,C0890,2026-03-21,Beauty,2748.36,5,5,UPI,Yes
O04023,C0890,2025-09-11,Books,2684.21,5,6,Wallet,No
O04024,C0890,2025-10-12,Home,3512.48,10,1,Card,No
O04025,C0890,2025-07-02,Fashion,2667.55,0,1,Wallet,Yes
O04026,C0891,2026-04-24,Beauty,2563.75,20,6,COD,No
O04027,C0891,2025-11-10,Beauty,4466.04,5,6,UPI,Yes
O04028,C0892,2025-03-22,Electronics,941.67,10,1,Card,Yes
O04029,C0893,2026-03-28,Beauty,1140.0,5,1,Card,No
O04030,C0893,2026-04-16,Fashion,1892.6,0,1,Wallet,Yes
O04031,C0893,2026-02-27,Fashion,1520.86,15,1,Card,Yes
O04032,C0893,2025-03-29,Fashion,763.88,0,6,COD,Yes
O04033,C0893,2025-03-25,Electronics,1602.59,20,4,Card,Yes
O04034,C0893,2026-03-31,Electronics,4679.75,10,3,UPI,Yes
O04035,C0893,2025-11-01,Home,4568.23,10,1,COD,No
O04036,C0894,2024-11-17,Home,3017.18,10,3,COD,Yes
O04037,C0894,2025-10-12,Electronics,4183.36,20,6,Card,No
O04038,C0894,2024-09-17,Beauty,4325.9,5,4,Wallet,No
O04039,C0894,2024-09-03,Beauty,3017.03,10,2,Card,No
O04040,C0894,2025-04-30,Beauty,3303.3,20,7,UPI,No
O04041,C0894,2025-04-03,Electronics,3040.39,20,4,UPI,No
O04042,C0894,2025-03-24,Beauty,4255.84,15,5,Wallet,Yes
O04043,C0894,2025-04-03,Beauty,271.49,20,5,COD,Yes
O04044,C0895,2026-01-19,Electronics,2154.67,5,5,COD,Yes
O04045,C0895,2026-06-27,Beauty,4677.33,10,7,COD,No
O04046,C0895,2025-10-31,Beauty,1967.68,20,6,UPI,Yes
O04047,C0895,2026-08-31,Fashion,3831.83,15,3,Wallet,No
O04048,C0895,2026-01-31,Books,2345.74,15,8,COD,No
O04049,C0896,2026-04-01,Beauty,2347.41,5,5,Wallet,No
O04050,C0896,2024-11-30,Home,281.73,10,1,COD,No
O04051,C0896,2025-09-04,Books,2932.12,10,7,UPI,No
O04052,C0896,2026-01-01,Books,836.34,15,6,UPI,Yes
O04053,C0897,2025-09-22,Beauty,2268.44,0,5,Wallet,No
O04054,C0897,2024-10-22,Books,3954.74,5,3,Wallet,No
O04055,C0897,2025-06-22,Home,1147.25,10,2,UPI,Yes
O04056,C0898,2025-03-07,Beauty,4809.83,5,6,COD,No
O04057,C0898,2025-05-21,Home,3187.94,15,6,Card,Yes
O04058,C0898,2025-07-30,Fashion,4962.09,10,4,Wallet,No
O04059,C0898,2025-07-20,Electronics,2643.08,10,6,UPI,Yes
O04060,C0898,2025-10-18,Home,2203.4,5,1,UPI,No
O04061,C0898,2024-08-20,Books,1978.67,20,6,COD,Yes
O04062,C0899,2024-10-03,Electronics,2076.65,20,7,Card,Yes
O04063,C0899,2025-04-23,Electronics,373.02,0,6,UPI,No
O04064,C0899,2025-03-04,Beauty,3992.27,0,4,UPI,Yes
O04065,C0899,2025-03-02,Electronics,4237.85,5,3,Wallet,No
O04066,C0900,2024-09-04,Fashion,4714.07,15,7,UPI,Yes
O04067,C0900,2024-01-28,Beauty,3395.31,20,4,Wallet,Yes
O04068,C0900,2024-03-30,Beauty,2886.07,10,4,COD,No
O04069,C0900,2025-07-11,Books,676.83,15,7,Wallet,Yes
O04070,C0901,2025-09-13,Fashion,1635.09,10,2,Card,No
O04071,C0902,2025-06-21,Home,1519.11,15,1,Card,Yes
O04072,C0902,2025-12-30,Books,3076.5,5,7,Wallet,No
O04073,C0902,2026-01-23,Books,646.04,10,8,COD,Yes
O04074,C0902,2025-06-25,Electronics,2063.22,10,8,COD,No
O04075,C0902,2025-03-21,Fashion,4917.24,0,6,COD,No
O04076,C0902,2025-11-01,Fashion,2136.2,20,3,COD,Yes
O04077,C0902,2025-01-14,Beauty,3207.71,20,1,Wallet,No
O04078,C0903,2025-06-01,Fashion,3374.18,20,3,Card,Yes
O04079,C0903,2025-06-16,Fashion,1478.19,5,8,UPI,Yes
O04080,C0904,2024-11-01,Books,1178.01,10,7,COD,No
O04081,C0904,2026-01-23,Home,1374.12,10,5,Wallet,No
O04082,C0904,2025-12-01,Books,3380.44,20,6,Wallet,Yes
O04083,C0904,2024-10-22,Electronics,4456.12,5,6,Wallet,No
O04084,C0904,2025-11-05,Beauty,1453.46,10,5,Card,No
O04085,C0904,2025-04-14,Home,994.92,15,1,UPI,No
O04086,C0904,2025-11-15,Home,1904.63,5,5,UPI,Yes
O04087,C0905,2025-09-08,Fashion,3633.72,0,6,Card,No
O04088,C0905,2024-08-22,Beauty,3231.55,20,2,COD,Yes
O04089,C0905,2025-05-13,Fashion,2162.47,5,2,COD,No
O04090,C0905,2024-07-19,Fashion,2808.43,5,5,Card,No
O04091,C0905,2025-08-06,Fashion,2171.63,15,4,UPI,No
O04092,C0906,2024-04-17,Books,4616.45,0,2,UPI,No
O04093,C0906,2024-08-08,Beauty,809.17,10,2,COD,No
O04094,C0906,2025-01-03,Home,2985.82,20,7,UPI,No
O04095,C0906,2024-07-20,Home,2470.79,20,3,Wallet,Yes
O04096,C0906,2024-06-30,Home,4048.51,20,4,Card,Yes
O04097,C0906,2025-01-20,Books,4722.45,15,1,COD,Yes
O04098,C0906,2024-10-19,Electronics,392.71,20,2,Card,Yes
O04099,C0907,2024-09-18,Home,4150.91,15,2,Card,Yes
O04100,C0907,2024-04-10,Beauty,1560.41,5,2,Wallet,No
O04101,C0907,2024-11-06,Books,4039.28,15,3,Wallet,No
O04102,C0907,2025-04-08,Fashion,4308.29,5,3,Wallet,Yes
O04103,C0907,2025-04-24,Beauty,4846.5,0,6,Wallet,Yes
O04104,C0907,2024-11-08,Home,2377.71,5,6,Wallet,No
O04105,C0908,2025-06-24,Electronics,891.07,0,6,UPI,No
O04106,C0908,2026-07-18,Books,2839.32,20,1,UPI,No
O04107,C0908,2026-08-13,Fashion,4793.28,0,2,UPI,No
O04108,C0908,2026-08-04,Fashion,4373.6,5,4,COD,Yes
O04109,C0908,2025-12-18,Electronics,3849.16,10,4,COD,No
O04110,C0908,2026-03-20,Home,4847.92,15,7,UPI,No
O04111,C0908,2026-02-24,Beauty,1104.06,5,2,UPI,Yes
O04112,C0908,2026-01-29,Books,1047.86,20,5,COD,No
O04113,C0909,2025-11-21,Home,530.36,10,2,UPI,No
O04114,C0910,2025-02-28,Books,3672.34,5,4,Card,Yes
O04115,C0910,2025-01-09,Home,2513.57,5,6,Wallet,Yes
O04116,C0910,2024-02-23,Electronics,2972.67,15,5,COD,Yes
O04117,C0910,2025-05-27,Fashion,4659.57,0,1,Wallet,Yes
O04118,C0910,2024-11-23,Fashion,2316.01,10,2,Card,Yes
O04119,C0910,2024-09-25,Electronics,4618.04,15,8,COD,No
O04120,C0910,2025-08-15,Beauty,720.52,15,7,COD,Yes
O04121,C0911,2024-08-01,Electronics,3864.67,10,2,COD,Yes
O04122,C0911,2025-07-23,Fashion,3111.56,0,4,Wallet,Yes
O04123,C0911,2025-07-20,Electronics,1580.11,20,8,COD,No
O04124,C0911,2024-08-14,Home,2051.39,5,5,COD,Yes
O04125,C0912,2025-04-28,Fashion,2967.44,0,7,Wallet,No
O04126,C0912,2026-07-01,Books,906.58,0,3,Card,No
O04127,C0912,2025-05-18,Electronics,3848.42,0,7,Wallet,Yes
O04128,C0912,2025-08-20,Books,326.67,0,4,UPI,No
O04129,C0912,2025-04-25,Books,4109.99,0,2,UPI,Yes
O04130,C0912,2025-09-08,Fashion,2598.05,20,7,UPI,No
O04131,C0913,2026-09-10,Home,3967.49,20,2,Wallet,Yes
O04132,C0913,2026-05-20,Electronics,2631.3,20,2,COD,No
O04133,C0913,2026-06-05,Books,1668.36,15,1,Card,No
O04134,C0913,2026-04-26,Beauty,2073.65,5,2,Card,Yes
O04135,C0913,2026-04-18,Fashion,4353.54,10,2,Wallet,Yes
O04136,C0913,2026-08-04,Home,4025.99,0,3,UPI,No
O04137,C0913,2026-04-21,Home,708.04,20,8,Wallet,No
O04138,C0913,2025-10-31,Beauty,1942.91,5,2,UPI,No
O04139,C0914,2026-04-14,Beauty,3114.62,20,6,COD,No
O04140,C0914,2025-08-17,Books,2777.83,20,6,Wallet,Yes
O04141,C0914,2025-07-08,Electronics,1883.21,20,1,Card,Yes
O04142,C0914,2026-02-01,Beauty,4481.88,0,7,Card,No
O04143,C0914,2026-05-25,Beauty,737.29,15,2,Card,Yes
O04144,C0914,2026-01-21,Fashion,1347.08,0,1,Card,No
O04145,C0914,2025-08-17,Beauty,390.11,5,7,Wallet,No
O04146,C0914,2025-09-02,Fashion,1330.02,15,6,Card,Yes
O04147,C0915,2025-08-09,Beauty,794.67,5,3,Wallet,Yes
O04148,C0915,2025-01-02,Books,3780.84,5,2,Card,Yes
O04149,C0915,2024-07-29,Books,2979.24,15,2,Wallet,No
O04150,C0915,2024-03-19,Books,4007.44,10,5,UPI,No
O04151,C0915,2025-02-07,Books,4834.09,20,8,UPI,No
O04152,C0915,2025-01-12,Home,1178.43,5,3,COD,No
O04153,C0915,2024-10-08,Electronics,1878.76,10,2,Wallet,No
O04154,C0915,2024-04-12,Books,4313.83,5,3,UPI,No
O04155,C0916,2025-12-26,Fashion,3289.53,20,7,COD,Yes
O04156,C0916,2025-04-13,Beauty,2967.77,15,7,Wallet,Yes
O04157,C0916,2026-03-08,Electronics,2778.11,15,6,COD,Yes
O04158,C0916,2025-06-27,Electronics,1476.91,0,2,UPI,No
O04159,C0916,2025-02-17,Home,4318.92,20,8,Card,No
O04160,C0916,2025-07-03,Electronics,4239.17,0,3,UPI,Yes
O04161,C0917,2025-04-23,Home,4805.05,15,4,COD,Yes
O04162,C0917,2026-03-11,Electronics,1672.09,0,2,COD,No
O04163,C0918,2024-04-24,Home,4379.12,5,7,Wallet,Yes
O04164,C0919,2024-06-07,Fashion,4577.76,10,2,COD,No
O04165,C0919,2024-11-24,Beauty,891.61,10,4,UPI,No
O04166,C0919,2024-08-28,Home,3803.6,5,4,COD,No
O04167,C0920,2024-09-04,Books,3659.56,0,1,Card,Yes
O04168,C0920,2024-09-06,Electronics,2319.19,15,6,Card,No
O04169,C0920,2024-11-29,Fashion,557.88,0,2,Card,Yes
O04170,C0920,2025-05-10,Home,3238.92,15,8,UPI,No
O04171,C0920,2025-12-24,Books,399.7,10,6,UPI,No
O04172,C0920,2025-04-18,Fashion,784.86,15,4,Wallet,No
O04173,C0920,2024-07-28,Beauty,874.3,0,6,COD,No
O04174,C0920,2025-06-08,Beauty,2849.24,0,8,COD,No
O04175,C0921,2025-04-08,Electronics,1016.88,10,2,Card,No
O04176,C0921,2026-03-07,Home,741.93,0,2,UPI,Yes
O04177,C0921,2026-03-17,Beauty,4815.09,20,7,Card,Yes
O04178,C0921,2025-07-26,Home,4302.66,5,7,UPI,Yes
O04179,C0921,2025-03-23,Electronics,4139.8,15,1,COD,Yes
O04180,C0922,2025-06-08,Books,3167.7,10,7,COD,Yes
O04181,C0922,2024-08-16,Fashion,2424.09,15,2,Wallet,No
O04182,C0922,2024-07-01,Home,4583.08,20,5,UPI,No
O04183,C0922,2024-09-30,Beauty,4020.3,0,2,UPI,Yes
O04184,C0922,2024-09-30,Fashion,495.85,5,6,UPI,No
O04185,C0923,2025-04-08,Fashion,4683.61,5,1,COD,No
O04186,C0923,2025-01-20,Electronics,4724.81,5,8,Card,Yes
O04187,C0923,2024-12-15,Fashion,1703.05,5,5,Wallet,No
O04188,C0924,2025-12-29,Beauty,3909.24,20,4,Wallet,No
O04189,C0925,2026-05-11,Electronics,4343.64,15,2,COD,Yes
O04190,C0925,2025-10-24,Electronics,4245.62,5,1,Card,Yes
O04191,C0925,2026-01-12,Beauty,4301.47,15,1,Card,No
O04192,C0925,2026-04-16,Home,4060.77,10,3,Card,No
O04193,C0925,2025-12-18,Books,1588.83,20,2,Card,Yes
O04194,C0925,2026-05-10,Fashion,4990.83,20,7,COD,Yes
O04195,C0925,2025-08-10,Beauty,2866.65,5,2,Card,No
O04196,C0925,2025-07-13,Books,4857.18,20,3,Wallet,Yes
O04197,C0926,2025-04-26,Beauty,579.55,5,6,UPI,Yes
O04198,C0926,2025-11-12,Electronics,3472.12,5,3,COD,Yes
O04199,C0926,2025-07-18,Home,3594.12,0,1,Wallet,Yes
O04200,C0926,2026-01-22,Beauty,2501.53,20,1,COD,No
O04201,C0926,2025-10-16,Books,1149.53,15,6,Wallet,No
O04202,C0926,2025-01-08,Beauty,3889.75,0,4,COD,No
O04203,C0926,2024-11-15,Beauty,3132.26,10,5,COD,No
O04204,C0926,2025-02-24,Beauty,981.84,10,6,COD,Yes
O04205,C0927,2025-04-05,Fashion,1611.9,10,7,UPI,Yes
O04206,C0927,2024-05-07,Home,3063.92,10,8,UPI,Yes
O04207,C0928,2026-04-24,Electronics,3723.08,15,5,Card,No
O04208,C0929,2026-08-09,Electronics,4247.73,5,8,Card,Yes
O04209,C0929,2025-07-21,Books,871.65,0,2,Card,No
O04210,C0929,2026-02-06,Fashion,3438.78,0,6,UPI,Yes
O04211,C0929,2026-06-23,Fashion,3796.18,15,7,Card,Yes
O04212,C0929,2025-06-26,Fashion,1667.9,0,4,UPI,No
O04213,C0929,2025-09-10,Books,4875.15,10,1,COD,Yes
O04214,C0929,2025-04-25,Beauty,1327.41,0,2,Card,No
O04215,C0930,2024-07-17,Home,819.15,0,3,COD,Yes
O04216,C0931,2025-12-12,Beauty,500.87,15,8,Card,Yes
O04217,C0931,2024-12-10,Electronics,1551.43,5,8,Card,Yes
O04218,C0931,2025-07-19,Books,1101.0,10,5,Card,Yes
O04219,C0931,2025-08-16,Electronics,1666.09,15,2,COD,Yes
O04220,C0931,2024-11-21,Books,4062.99,0,5,UPI,Yes
O04221,C0932,2025-11-29,Beauty,1803.0,10,8,Card,Yes
O04222,C0932,2026-03-17,Fashion,3847.23,5,3,COD,No
O04223,C0932,2026-03-09,Books,826.29,15,2,UPI,No
O04224,C0932,2026-02-26,Books,2557.31,10,8,UPI,Yes
O04225,C0932,2026-04-15,Fashion,2505.84,5,2,UPI,Yes
O04226,C0932,2026-03-01,Electronics,3287.47,10,3,Wallet,Yes
O04227,C0933,2025-06-17,Books,2167.47,5,2,COD,Yes
O04228,C0933,2024-02-21,Home,2593.43,0,7,Card,Yes
O04229,C0933,2025-01-11,Beauty,4406.59,10,6,Card,Yes
O04230,C0933,2024-12-19,Fashion,1344.44,0,7,COD,No
O04231,C0933,2024-11-29,Beauty,3084.56,5,4,Wallet,Yes
O04232,C0933,2024-12-09,Fashion,1407.98,20,7,COD,No
O04233,C0934,2025-06-19,Books,3885.1,20,4,COD,Yes
O04234,C0934,2025-05-30,Home,3496.56,10,6,COD,Yes
O04235,C0934,2026-02-25,Books,1481.5,20,1,Wallet,No
O04236,C0934,2026-07-27,Fashion,3553.01,0,3,UPI,Yes
O04237,C0934,2026-07-14,Home,3942.2,0,1,COD,No
O04238,C0934,2025-06-12,Home,4938.4,15,3,UPI,No
O04239,C0934,2026-04-14,Home,3409.6,0,1,UPI,No
O04240,C0934,2026-06-15,Beauty,2162.5,15,2,COD,No
O04241,C0935,2024-05-17,Books,3539.38,0,7,UPI,Yes
O04242,C0935,2024-07-16,Electronics,2609.99,5,8,Card,Yes
O04243,C0935,2025-02-15,Home,2423.57,10,1,Card,Yes
O04244,C0935,2025-07-05,Books,1372.51,15,5,Wallet,No
O04245,C0935,2024-05-18,Home,3822.86,5,1,UPI,No
O04246,C0935,2025-06-13,Home,3196.77,15,3,Card,No
O04247,C0935,2025-07-09,Electronics,307.19,5,2,UPI,Yes
O04248,C0935,2025-08-23,Fashion,2244.82,5,5,Card,Yes
O04249,C0936,2026-07-28,Books,3978.28,10,3,UPI,No
O04250,C0936,2025-04-20,Fashion,303.55,15,5,COD,Yes
O04251,C0937,2025-11-08,Fashion,336.01,15,6,Card,No
O04252,C0937,2025-04-12,Fashion,4401.63,0,3,UPI,No
O04253,C0937,2025-09-30,Electronics,724.26,20,2,UPI,Yes
O04254,C0937,2025-02-06,Electronics,2020.07,5,8,Wallet,Yes
O04255,C0937,2025-03-04,Fashion,3963.48,5,6,UPI,No
O04256,C0937,2025-10-07,Books,986.96,5,7,COD,Yes
O04257,C0937,2025-10-07,Books,3414.92,0,6,UPI,No
O04258,C0937,2025-04-30,Beauty,4823.94,20,6,COD,No
O04259,C0938,2025-12-15,Home,1710.0,20,8,Card,No
O04260,C0938,2026-07-08,Electronics,810.81,20,6,UPI,No
O04261,C0938,2025-11-26,Fashion,4843.94,5,3,Card,No
O04262,C0938,2026-01-26,Beauty,3047.18,0,6,Card,No
O04263,C0938,2025-07-06,Home,2638.32,0,1,Wallet,No
O04264,C0939,2024-08-28,Fashion,1931.42,10,5,Card,No
O04265,C0939,2025-05-23,Home,2563.24,10,8,COD,No
O04266,C0939,2024-10-21,Electronics,4012.75,10,4,Wallet,No
O04267,C0939,2024-03-19,Books,434.28,20,1,Card,No
O04268,C0939,2024-11-24,Books,2822.42,10,3,COD,Yes
O04269,C0939,2025-06-16,Beauty,2420.66,10,4,COD,No
O04270,C0939,2024-02-15,Electronics,2997.49,0,3,COD,Yes
O04271,C0939,2025-05-18,Home,954.37,10,6,Card,No
O04272,C0940,2024-06-16,Books,4243.55,0,5,Wallet,Yes
O04273,C0940,2025-03-05,Electronics,4770.56,15,6,COD,Yes
O04274,C0940,2024-05-30,Fashion,3491.06,5,1,COD,Yes
O04275,C0940,2024-09-16,Fashion,3797.69,20,5,COD,No
O04276,C0941,2026-07-07,Beauty,635.87,10,8,Wallet,No
O04277,C0941,2026-04-05,Beauty,4646.99,10,5,COD,No
O04278,C0941,2026-09-27,Books,4404.06,5,3,UPI,No
O04279,C0941,2026-02-14,Books,3469.06,0,3,Card,Yes
O04280,C0942,2025-10-16,Books,3078.57,5,4,Wallet,No
O04281,C0942,2025-06-24,Electronics,2416.01,10,5,UPI,No
O04282,C0942,2026-04-14,Electronics,1814.51,0,6,Card,No
O04283,C0943,2024-05-05,Beauty,4701.07,20,3,Card,Yes
O04284,C0943,2025-08-30,Home,3919.74,20,5,COD,Yes
O04285,C0943,2025-10-19,Books,4891.05,15,3,Wallet,No
O04286,C0943,2025-02-02,Home,1076.29,10,4,Card,Yes
O04287,C0943,2025-08-09,Books,1128.93,20,3,Card,No
O04288,C0943,2024-11-06,Electronics,583.1,0,6,UPI,Yes
O04289,C0944,2025-01-28,Beauty,4491.36,15,5,Wallet,No
O04290,C0944,2025-02-20,Home,4398.01,10,2,Wallet,Yes
O04291,C0944,2024-11-05,Fashion,4854.04,0,6,Card,Yes
O04292,C0944,2025-10-21,Electronics,1265.51,15,6,Card,Yes
O04293,C0944,2025-11-04,Electronics,2356.6,5,4,Wallet,Yes
O04294,C0945,2025-05-23,Books,4489.87,10,3,UPI,Yes
O04295,C0945,2026-05-27,Electronics,2811.73,20,1,UPI,No
O04296,C0945,2025-09-02,Electronics,1029.54,5,8,UPI,No
O04297,C0945,2026-03-22,Beauty,1063.94,15,6,UPI,Yes
O04298,C0945,2025-11-27,Beauty,1206.58,20,6,Wallet,No
O04299,C0945,2025-07-27,Beauty,2409.17,0,8,Card,Yes
O04300,C0946,2025-01-25,Home,4707.0,0,8,Card,No
O04301,C0947,2025-07-22,Home,3318.2,10,8,COD,Yes
O04302,C0947,2025-02-13,Home,2960.19,10,2,UPI,No
O04303,C0947,2025-05-26,Books,1044.68,15,4,COD,No
O04304,C0947,2024-07-13,Home,2337.5,0,7,UPI,No
O04305,C0947,2024-07-19,Beauty,388.93,10,4,COD,Yes
O04306,C0947,2024-11-24,Electronics,4551.99,15,3,Wallet,No
O04307,C0947,2024-09-18,Beauty,4659.52,10,4,UPI,No
O04308,C0948,2026-07-14,Beauty,3731.72,10,6,Wallet,No
O04309,C0948,2025-04-24,Electronics,4797.13,15,2,Wallet,No
O04310,C0948,2025-07-10,Electronics,4896.02,20,5,Wallet,Yes
O04311,C0948,2026-05-12,Fashion,2782.28,15,6,Wallet,Yes
O04312,C0948,2025-04-21,Beauty,4841.67,5,5,UPI,No
O04313,C0948,2025-11-05,Home,1910.6,5,3,Wallet,Yes
O04314,C0948,2025-11-09,Electronics,2313.9,15,5,Card,No
O04315,C0949,2024-12-25,Electronics,4931.6,5,3,Card,No
O04316,C0949,2025-01-25,Electronics,4826.72,5,8,COD,No
O04317,C0949,2025-11-03,Fashion,4953.08,5,2,UPI,Yes
O04318,C0949,2025-06-10,Beauty,2397.61,0,6,COD,Yes
O04319,C0949,2024-11-18,Home,3587.07,15,3,Wallet,Yes
O04320,C0949,2024-07-03,Home,2985.6,15,1,Card,No
O04321,C0949,2024-08-12,Electronics,3549.36,5,4,COD,Yes
O04322,C0950,2025-07-03,Books,3023.87,20,6,COD,No
O04323,C0950,2026-05-22,Books,4118.56,0,1,Wallet,Yes
O04324,C0950,2025-03-22,Electronics,2593.85,10,7,Card,Yes
O04325,C0950,2026-05-26,Home,350.66,20,1,UPI,No
O04326,C0951,2025-02-07,Books,2617.92,5,8,UPI,No
O04327,C0951,2025-10-10,Electronics,3597.79,10,5,COD,No
O04328,C0951,2025-11-03,Beauty,2298.21,5,2,COD,No
O04329,C0951,2025-04-18,Books,521.93,20,3,COD,Yes
O04330,C0951,2024-08-12,Fashion,1403.32,15,8,Card,No
O04331,C0951,2024-12-01,Fashion,594.36,5,3,Card,Yes
O04332,C0951,2024-10-11,Electronics,1707.41,15,1,UPI,Yes
O04333,C0952,2026-08-22,Books,1441.12,15,6,Wallet,Yes
O04334,C0952,2026-03-24,Electronics,4184.23,15,5,Wallet,No
O04335,C0952,2025-03-24,Beauty,1624.16,20,7,Card,Yes
O04336,C0952,2025-06-26,Home,2128.97,15,5,Wallet,No
O04337,C0952,2026-06-20,Home,3808.81,15,7,Wallet,No
O04338,C0953,2024-11-30,Fashion,240.42,20,6,Wallet,No
O04339,C0953,2025-06-27,Electronics,4426.23,15,3,COD,Yes
O04340,C0953,2025-05-15,Beauty,2951.49,5,8,Wallet,Yes
O04341,C0953,2025-11-16,Fashion,1930.85,5,5,UPI,No
O04342,C0953,2024-10-11,Electronics,3497.31,15,6,Card,No
O04343,C0953,2025-03-19,Home,3297.7,0,7,UPI,No
O04344,C0954,2025-03-24,Home,1379.62,5,2,UPI,Yes
O04345,C0954,2025-05-16,Beauty,2811.13,5,4,Card,Yes
O04346,C0954,2025-05-05,Beauty,720.77,10,2,UPI,No
O04347,C0954,2026-02-11,Home,1407.64,20,6,Wallet,No
O04348,C0955,2024-10-24,Fashion,1849.29,15,5,Wallet,No
O04349,C0955,2025-06-29,Home,2383.15,0,4,Wallet,Yes
O04350,C0955,2025-12-05,Fashion,2390.13,10,2,COD,No
O04351,C0955,2025-09-17,Fashion,4586.56,5,7,COD,No
O04352,C0955,2025-03-23,Home,527.8,15,3,UPI,Yes
O04353,C0955,2024-10-31,Fashion,3919.58,10,7,Wallet,No
O04354,C0955,2025-11-03,Beauty,2220.34,5,3,Wallet,No
O04355,C0956,2025-06-23,Beauty,1117.95,20,8,UPI,Yes
O04356,C0956,2024-03-16,Electronics,829.36,20,8,UPI,No
O04357,C0956,2024-07-20,Beauty,4216.09,15,4,Card,Yes
O04358,C0956,2024-07-21,Electronics,796.16,20,6,UPI,No
O04359,C0956,2025-03-07,Fashion,3708.85,10,7,COD,No
O04360,C0956,2024-09-15,Books,922.42,10,2,Wallet,No
O04361,C0956,2024-10-20,Beauty,3234.41,5,4,COD,Yes
O04362,C0956,2025-08-28,Fashion,947.16,15,4,Card,No
O04363,C0957,2024-06-27,Home,3287.38,20,6,COD,Yes
O04364,C0957,2025-02-08,Fashion,4491.05,10,1,COD,Yes
O04365,C0957,2025-04-23,Home,436.5,0,5,Card,Yes
O04366,C0957,2024-11-08,Electronics,2674.36,5,8,COD,No
O04367,C0958,2024-01-16,Beauty,2446.67,5,2,Card,No
O04368,C0959,2025-08-08,Home,2549.69,10,6,Wallet,No
O04369,C0959,2025-03-02,Home,2300.34,15,8,Card,No
O04370,C0959,2025-11-19,Home,1687.93,15,2,UPI,Yes
O04371,C0959,2026-01-28,Home,2150.18,5,2,Card,Yes
O04372,C0959,2025-09-24,Fashion,1060.31,0,1,COD,Yes
O04373,C0959,2025-04-05,Fashion,1196.93,5,5,UPI,No
O04374,C0959,2025-06-05,Beauty,2468.24,5,6,COD,No
O04375,C0959,2026-04-24,Fashion,1106.93,20,2,UPI,Yes
O04376,C0960,2025-08-08,Home,3077.38,15,6,UPI,No
O04377,C0960,2025-02-20,Books,604.52,5,2,Card,Yes
O04378,C0960,2025-09-23,Beauty,4310.6,0,6,UPI,Yes
O04379,C0960,2025-05-28,Books,4203.97,10,4,Card,No
O04380,C0960,2025-05-19,Fashion,1592.49,20,4,Wallet,Yes
O04381,C0960,2025-05-04,Electronics,907.3,15,1,Card,Yes
O04382,C0960,2025-11-14,Home,2110.27,5,4,Wallet,Yes
O04383,C0960,2026-01-20,Beauty,4531.8,10,8,Wallet,Yes
O04384,C0961,2024-09-09,Beauty,389.56,0,1,UPI,No
O04385,C0961,2024-09-02,Home,3243.85,20,3,Wallet,No
O04386,C0961,2025-04-30,Books,4446.6,10,5,Wallet,Yes
O04387,C0961,2025-06-03,Books,995.35,0,5,Card,No
O04388,C0961,2024-11-05,Fashion,4056.44,5,4,COD,No
O04389,C0961,2025-01-26,Beauty,3312.83,10,7,UPI,No
O04390,C0962,2025-04-17,Electronics,2576.39,20,6,COD,Yes
O04391,C0962,2025-10-25,Home,2100.24,20,7,COD,No
O04392,C0962,2025-05-02,Electronics,3987.53,5,1,Card,No
O04393,C0962,2025-04-19,Home,936.54,20,7,COD,Yes
O04394,C0962,2024-08-30,Fashion,241.78,5,3,COD,Yes
O04395,C0962,2025-02-27,Beauty,1824.86,10,8,Card,No
O04396,C0962,2024-10-12,Books,1303.29,0,7,COD,Yes
O04397,C0962,2025-03-19,Home,890.82,5,7,UPI,Yes
O04398,C0963,2025-04-20,Electronics,1058.9,0,3,Card,No
O04399,C0963,2025-04-14,Beauty,1694.71,5,4,Card,No
O04400,C0963,2024-12-16,Beauty,617.36,15,5,Card,No
O04401,C0963,2024-12-09,Beauty,2412.15,10,7,Card,Yes
O04402,C0963,2026-03-07,Home,2784.79,15,4,Wallet,No
O04403,C0963,2024-12-07,Beauty,441.43,5,8,COD,No
O04404,C0963,2025-12-26,Books,2268.52,20,7,COD,Yes
O04405,C0963,2026-01-28,Beauty,4660.57,10,1,Card,No
O04406,C0964,2026-03-12,Home,1769.5,15,3,Card,No
O04407,C0965,2026-01-11,Books,2350.04,5,3,COD,No
O04408,C0965,2025-07-29,Home,2473.17,15,1,Card,Yes
O04409,C0965,2025-10-14,Books,1415.91,15,5,Wallet,Yes
O04410,C0966,2024-04-23,Beauty,2824.86,15,7,Card,No
O04411,C0966,2025-07-10,Beauty,3537.91,5,8,COD,No
O04412,C0966,2024-10-11,Beauty,4469.57,10,4,UPI,No
O04413,C0966,2024-12-21,Fashion,2202.02,10,2,COD,Yes
O04414,C0966,2024-09-14,Electronics,3537.94,20,4,Card,Yes
O04415,C0966,2024-05-28,Home,2096.2,15,4,Wallet,Yes
O04416,C0966,2024-06-11,Books,3297.93,15,4,Card,Yes
O04417,C0967,2024-09-24,Fashion,659.84,0,6,UPI,Yes
O04418,C0967,2024-10-20,Fashion,2983.71,5,6,UPI,Yes
O04419,C0967,2024-10-22,Fashion,4105.71,0,7,COD,Yes
O04420,C0967,2024-08-16,Electronics,581.84,5,8,Card,Yes
O04421,C0967,2025-04-28,Electronics,2522.75,5,1,COD,Yes
O04422,C0967,2024-10-24,Books,668.88,10,8,Wallet,Yes
O04423,C0967,2024-02-24,Beauty,3555.95,0,2,Wallet,No
O04424,C0968,2026-01-31,Fashion,2742.08,20,5,Wallet,Yes
O04425,C0968,2026-04-06,Home,4583.1,15,6,COD,No
O04426,C0968,2025-07-17,Beauty,745.12,15,1,UPI,Yes
O04427,C0968,2026-07-28,Electronics,875.03,10,3,UPI,Yes
O04428,C0968,2025-11-19,Beauty,3352.59,5,1,COD,Yes
O04429,C0969,2024-04-27,Fashion,1998.36,10,4,UPI,Yes
O04430,C0970,2025-03-17,Fashion,908.27,0,1,Card,Yes
O04431,C0970,2024-06-22,Home,2295.93,5,6,Card,Yes
O04432,C0970,2025-04-12,Electronics,2571.72,0,1,Wallet,No
O04433,C0971,2025-02-01,Fashion,4774.81,10,1,UPI,No
O04434,C0971,2025-03-28,Fashion,2634.56,15,5,Wallet,Yes
O04435,C0971,2024-10-02,Beauty,1019.03,20,1,COD,Yes
O04436,C0971,2026-01-23,Fashion,3491.69,0,6,COD,Yes
O04437,C0971,2025-09-20,Beauty,4001.32,20,2,COD,Yes
O04438,C0971,2024-11-17,Books,3390.77,10,1,COD,Yes
O04439,C0971,2026-03-10,Fashion,1445.4,20,6,COD,No
O04440,C0972,2026-07-11,Electronics,2370.0,0,8,Card,Yes
O04441,C0972,2026-07-25,Electronics,2084.98,10,5,Card,No
O04442,C0972,2026-03-22,Electronics,3645.85,15,1,Card,No
O04443,C0972,2025-10-09,Fashion,2381.9,5,8,Card,Yes
O04444,C0972,2025-08-19,Fashion,4264.4,0,4,COD,Yes
O04445,C0973,2025-04-29,Beauty,4497.88,0,7,UPI,Yes
O04446,C0974,2024-09-09,Home,517.49,15,8,UPI,Yes
O04447,C0974,2025-10-20,Home,435.31,20,7,COD,No
O04448,C0974,2025-09-25,Fashion,4579.32,0,7,Card,No
O04449,C0974,2024-09-01,Home,2349.59,10,1,UPI,Yes
O04450,C0974,2025-12-21,Electronics,778.26,0,1,COD,No
O04451,C0974,2025-08-26,Books,2599.27,15,7,Wallet,Yes
O04452,C0975,2025-02-02,Electronics,2522.91,15,3,Wallet,No
O04453,C0976,2024-10-29,Beauty,4444.69,0,4,COD,No
O04454,C0977,2025-09-22,Fashion,1748.46,0,4,COD,Yes
O04455,C0977,2026-11-01,Fashion,1485.31,10,8,Wallet,Yes
O04456,C0977,2026-08-18,Fashion,4795.12,10,4,Wallet,Yes
O04457,C0977,2025-10-20,Electronics,3560.13,20,5,Card,No
O04458,C0977,2026-07-13,Books,1138.15,10,5,COD,No
O04459,C0977,2025-09-21,Beauty,3451.18,20,4,Card,No
O04460,C0977,2026-06-12,Fashion,4021.11,5,6,UPI,No
O04461,C0977,2026-08-13,Books,2145.25,5,3,COD,Yes
O04462,C0978,2025-04-28,Books,4290.08,5,7,Card,No
O04463,C0978,2025-05-01,Electronics,760.12,10,3,Wallet,Yes
O04464,C0978,2025-11-18,Fashion,4434.75,15,6,Card,No
O04465,C0979,2025-04-06,Home,2404.98,10,5,COD,No
O04466,C0979,2024-07-27,Fashion,3752.94,10,5,COD,Yes
O04467,C0979,2024-06-23,Home,571.98,10,8,COD,No
O04468,C0979,2025-03-04,Fashion,2494.65,0,5,COD,Yes
O04469,C0980,2026-03-25,Electronics,558.05,15,2,COD,No
O04470,C0980,2025-09-08,Home,4529.96,5,7,Wallet,Yes
O04471,C0981,2025-05-28,Home,3870.43,5,2,UPI,Yes
O04472,C0981,2025-08-28,Home,1717.21,10,2,UPI,Yes
O04473,C0981,2025-02-18,Fashion,2504.51,0,3,COD,No
O04474,C0981,2024-11-01,Electronics,1448.36,0,4,UPI,Yes
O04475,C0981,2025-01-22,Fashion,2141.61,15,5,Wallet,Yes
O04476,C0981,2025-03-21,Electronics,1186.82,10,1,Wallet,Yes
O04477,C0981,2025-07-19,Electronics,2219.45,0,7,Wallet,No
O04478,C0981,2025-01-13,Beauty,3799.77,0,5,Card,Yes
O04479,C0982,2024-10-02,Books,2238.76,0,5,COD,Yes
O04480,C0982,2025-01-05,Home,715.91,0,3,Card,Yes
O04481,C0982,2024-12-15,Home,2193.51,0,1,Card,No
O04482,C0982,2025-03-11,Beauty,2878.02,5,7,Card,Yes
O04483,C0982,2025-03-18,Electronics,488.37,10,7,COD,Yes
O04484,C0982,2025-10-08,Beauty,376.09,15,8,Wallet,No
O04485,C0983,2025-07-05,Fashion,606.93,10,5,Wallet,Yes
O04486,C0983,2026-01-16,Fashion,1269.62,5,8,Wallet,Yes
O04487,C0984,2025-10-09,Books,2393.4,15,6,Card,No
O04488,C0984,2026-06-02,Electronics,1018.1,10,4,COD,No
O04489,C0984,2026-05-07,Books,2958.95,15,4,Wallet,Yes
O04490,C0984,2026-04-28,Electronics,1697.04,10,2,Card,No
O04491,C0984,2026-07-05,Home,696.21,5,1,UPI,Yes
O04492,C0984,2025-12-18,Electronics,4870.81,5,7,COD,No
O04493,C0985,2026-01-16,Books,1215.1,15,5,UPI,No
O04494,C0986,2025-11-11,Fashion,1596.63,5,7,Wallet,No
O04495,C0986,2025-04-05,Fashion,4591.41,10,1,COD,No
O04496,C0987,2025-02-18,Home,1353.93,5,3,Wallet,No
O04497,C0987,2025-01-05,Books,382.72,10,8,COD,No
O04498,C0987,2024-09-17,Beauty,2532.04,10,5,Card,No
O04499,C0987,2024-04-19,Beauty,1018.22,10,6,Wallet,No
O04500,C0987,2024-03-25,Home,595.0,5,8,Card,No
O04501,C0987,2024-07-30,Home,3181.59,5,7,Card,No
O04502,C0987,2025-06-24,Fashion,1423.02,0,1,Card,No
O04503,C0988,2024-08-17,Fashion,1843.95,10,2,Card,No
O04504,C0988,2025-04-10,Fashion,2454.97,20,6,COD,Yes
O04505,C0988,2024-12-10,Books,3443.43,5,8,COD,Yes
O04506,C0988,2025-03-05,Fashion,2202.71,15,5,Card,Yes
O04507,C0988,2025-02-19,Fashion,485.84,0,6,Wallet,Yes
O04508,C0989,2025-10-05,Fashion,2580.93,20,8,Card,No
O04509,C0989,2025-04-07,Fashion,4983.68,20,4,UPI,No
O04510,C0989,2024-07-28,Books,3617.11,0,2,Wallet,Yes
O04511,C0989,2024-12-22,Electronics,1171.2,20,4,COD,No
O04512,C0989,2025-01-28,Fashion,616.82,15,5,Wallet,Yes
O04513,C0989,2024-10-17,Electronics,3449.52,5,4,Wallet,Yes
O04514,C0989,2024-09-24,Electronics,3483.94,20,2,Card,No
O04515,C0989,2025-08-25,Books,3679.36,15,7,Wallet,No
O04516,C0990,2025-05-03,Beauty,1873.25,0,6,Card,No
O04517,C0990,2025-10-01,Home,731.97,5,6,COD,Yes
O04518,C0990,2024-08-21,Books,4528.36,20,3,Card,No
O04519,C0990,2025-05-18,Beauty,1186.03,20,1,Card,Yes
O04520,C0990,2025-01-13,Fashion,1105.24,10,2,UPI,No
O04521,C0991,2026-09-01,Home,309.62,0,7,Wallet,Yes
O04522,C0992,2026-01-07,Home,3234.76,10,2,Wallet,No
O04523,C0992,2025-07-24,Home,715.34,20,7,Card,No
O04524,C0993,2025-06-01,Books,2999.04,20,1,COD,No
O04525,C0994,2026-04-20,Books,2634.79,15,4,UPI,Yes
O04526,C0994,2026-05-04,Beauty,2821.75,20,5,UPI,No
O04527,C0994,2026-04-17,Home,4768.15,20,7,UPI,No
O04528,C0994,2026-03-03,Home,4213.81,10,7,Wallet,No
O04529,C0995,2025-04-12,Home,4848.97,5,3,Wallet,No
O04530,C0995,2026-02-06,Electronics,1785.12,0,8,Wallet,No
O04531,C0995,2026-01-17,Home,3869.59,15,2,Wallet,Yes
O04532,C0995,2025-09-18,Home,2232.89,0,3,Card,Yes
O04533,C0995,2025-03-27,Electronics,4027.79,15,5,Wallet,Yes
O04534,C0996,2025-04-13,Books,3430.02,0,2,Card,No
O04535,C0996,2025-03-13,Electronics,3783.33,15,3,COD,No
O04536,C0996,2026-07-06,Books,1753.35,10,3,COD,Yes
O04537,C0996,2026-07-28,Fashion,3615.83,20,4,Wallet,No
O04538,C0996,2026-07-28,Home,1824.56,0,2,Wallet,No
O04539,C0996,2026-08-16,Home,4690.58,10,2,Wallet,Yes
O04540,C0996,2026-01-27,Books,1951.07,0,7,Wallet,No
O04541,C0997,2025-12-18,Books,4684.27,10,4,Wallet,Yes
O04542,C0997,2025-09-28,Home,2929.64,0,6,Wallet,Yes
O04543,C0997,2024-12-26,Books,1251.6,5,6,Card,Yes
O04544,C0997,2025-07-08,Beauty,4550.24,5,2,COD,No
O04545,C0998,2026-01-20,Home,4537.0,20,8,Wallet,No
O04546,C0998,2025-09-14,Fashion,2722.85,0,7,Wallet,Yes
O04547,C0998,2025-01-05,Electronics,1868.02,10,8,Card,No
O04548,C0999,2025-12-26,Electronics,1402.11,0,4,Card,No
O04549,C0999,2025-08-04,Electronics,2145.76,15,1,Wallet,Yes
O04550,C1000,2026-01-18,Beauty,2440.12,10,1,COD,Yes
O04551,C1000,2026-06-15,Fashion,221.27,5,3,UPI,No
O04552,C1000,2025-11-23,Fashion,1871.83,10,8,Wallet,No
O04553,C1000,2026-05-31,Fashion,2079.65,20,5,COD,Yes
O04554,C1000,2025-05-15,Electronics,4036.44,5,1,Card,No
O04555,C1000,2025-12-08,Home,288.64,20,3,Card,No
O04556,C1000,2026-03-21,Fashion,4351.39,10,7,Card,Yes
